[4.68049783e-310 4.68049836e-310 4.68059087e-310], [1.289283037185669]
[4.68049783e-310 4.68049836e-310 4.68059087e-310], [2.678779363632202]
[4.68049783e-310 4.68049836e-310 4.68059087e-310], [2.8208603858947754]
[4.68049783e-310 4.68049836e-310 4.68059087e-310], [2.950331926345825]
[4.68049783e-310 4.68049836e-310 4.68059087e-310], [3.0814523696899414]
[4.68049783e-310 4.68049836e-310 4.68059087e-310], [3.2182514667510986]
[4.68049783e-310 4.68049836e-310 4.68059087e-310], [3.3471076488494873]
[4.68049783e-310 4.68049836e-310 4.68059087e-310], [3.473093032836914]
[4.68049783e-310 4.68049836e-310 4.68059087e-310], [3.6015045642852783]
[4.68049783e-310 4.68049836e-310 4.68059087e-310], [3.7347042560577393]
[4.68049783e-310 4.68049836e-310 4.68059087e-310], [3.874009132385254]
[4.68049783e-310 4.68049836e-310 4.68059087e-310], [3.99310564994812]
[4.68049783e-310 4.68049836e-310 4.68059087e-310], [4.120044708251953]
[4.68049783e-310 4.68049836e-310 4.68059087e-310], [4.242969512939453]
[4.68049783e-310 4.68049836e-310 4.68059087e-310], [4.368726015090942]
[4.68049783e-310 4.68049836e-310 4.68059087e-310], [4.490599632263184]
[4.68049783e-310 4.68049836e-310 4.68059087e-310], [4.613820314407349]
[4.68049783e-310 4.68049836e-310 4.68059087e-310], [4.732961177825928]
[4.68049783e-310 4.68049836e-310 4.68059087e-310], [4.853865623474121]
[4.68049783e-310 4.68049836e-310 4.68059087e-310], [4.974817991256714]
[4.68049783e-310 4.68049836e-310 4.68059087e-310], [5.1058995723724365]
[4.68049783e-310 4.68049836e-310 4.68059087e-310], [5.233297109603882]
[4.68049783e-310 4.68049836e-310 4.68059087e-310], [5.357361555099487]
[4.68049783e-310 4.68049836e-310 4.68059087e-310], [5.485877990722656]
[4.68049783e-310 4.68049836e-310 4.68059087e-310], [5.608800649642944]
[4.68049783e-310 4.68049836e-310 4.68059087e-310], [5.734464883804321]
[4.68049783e-310 4.68049836e-310 4.68059087e-310], [5.8646399974823]
[4.68049783e-310 4.68049836e-310 4.68059087e-310], [5.993229389190674]
[4.68049783e-310 4.68049836e-310 4.68059087e-310], [6.135329723358154]
[4.68049783e-310 4.68049836e-310 4.68059087e-310], [6.258978605270386]
[4.68049783e-310 4.68049836e-310 4.68059087e-310], [6.3882341384887695]
[4.68049783e-310 4.68049836e-310 4.68059087e-310], [6.516288995742798]
[4.68049783e-310 4.68049836e-310 4.68059087e-310], [6.642244100570679]
[4.68049783e-310 4.68049836e-310 4.68059087e-310], [6.766002416610718]
[4.68049783e-310 4.68049836e-310 4.68059087e-310], [6.883922815322876]
[4.68049783e-310 4.68049836e-310 4.68059087e-310], [7.005520582199097]
[4.68049783e-310 4.68049836e-310 4.68059087e-310], [7.130189657211304]
[4.68049783e-310 4.68049836e-310 4.68059087e-310], [7.2561280727386475]
[4.68049783e-310 4.68049836e-310 4.68059087e-310], [7.37818169593811]
[4.68049783e-310 4.68049836e-310 4.68059087e-310], [7.500633716583252]
[4.68049783e-310 4.68049836e-310 4.68059087e-310], [7.6222825050354]
[4.68049783e-310 4.68049836e-310 4.68059087e-310], [7.754666328430176]
[4.68049783e-310 4.68049836e-310 4.68059087e-310], [7.881495952606201]
[4.68049783e-310 4.68049836e-310 4.68059087e-310], [8.006226778030396]
[4.68049783e-310 4.68049836e-310 4.68059087e-310], [8.13662338256836]
[4.68049783e-310 4.68049836e-310 4.68059087e-310], [8.259474277496338]
[4.68049783e-310 4.68049836e-310 4.68059087e-310], [8.381360530853271]
[4.68049783e-310 4.68049836e-310 4.68059087e-310], [8.506243467330933]
[4.68049783e-310 4.68049836e-310 4.68059087e-310], [8.6297767162323]
[4.68049783e-310 4.68049836e-310 4.68059087e-310], [8.755714893341064]
[4.68049783e-310 4.68049836e-310 4.68059087e-310], [8.87453842163086]
[4.68049783e-310 4.68049836e-310 4.68059087e-310], [8.998907327651978]
[4.68049783e-310 4.68049836e-310 4.68059087e-310], [9.123002529144287]
[4.68049783e-310 4.68049836e-310 4.68059087e-310], [9.252530097961426]
[4.68049783e-310 4.68049836e-310 4.68059087e-310], [9.379097700119019]
[4.68049783e-310 4.68049836e-310 4.68059087e-310], [9.502789974212646]
[4.68049783e-310 4.68049836e-310 4.68059087e-310], [9.628433227539062]
[4.68049783e-310 4.68049836e-310 4.68059087e-310], [9.751321077346802]
[4.68049783e-310 4.68049836e-310 4.68059087e-310], [9.879295587539673]
[4.68049783e-310 4.68049836e-310 4.68059087e-310], [9.997286796569824]
[4.68049783e-310 4.68049836e-310 4.68059087e-310], [10.114838600158691]
[4.68049783e-310 4.68049836e-310 4.68059087e-310], [10.23264741897583]
[4.68049783e-310 4.68049836e-310 4.68059087e-310], [10.353242635726929]
[4.68049783e-310 4.68049836e-310 4.68059087e-310], [10.481792688369751]
[4.68049783e-310 4.68049836e-310 4.68059087e-310], [10.61047101020813]
[4.68049783e-310 4.68049836e-310 4.68059087e-310], [10.7374107837677]
[4.68049783e-310 4.68049836e-310 4.68059087e-310], [10.864296674728394]
[4.68049783e-310 4.68049836e-310 4.68059087e-310], [10.99129605293274]
[4.68049783e-310 4.68049836e-310 4.68059087e-310], [11.122954845428467]
[4.68049783e-310 4.68049836e-310 4.68059087e-310], [11.247294664382935]
[4.68049783e-310 4.68049836e-310 4.68059087e-310], [11.377978801727295]
[4.68049783e-310 4.68049836e-310 4.68059087e-310], [11.502054452896118]
[4.68049783e-310 4.68049836e-310 4.68059087e-310], [11.630359172821045]
[4.68049783e-310 4.68049836e-310 4.68059087e-310], [11.760765790939331]
[4.68049783e-310 4.68049836e-310 4.68059087e-310], [11.887010097503662]
[4.68049783e-310 4.68049836e-310 4.68059087e-310], [12.009628057479858]
[4.68049783e-310 4.68049836e-310 4.68059087e-310], [12.131572723388672]
[4.68049783e-310 4.68049836e-310 4.68059087e-310], [12.260385274887085]
[4.68049783e-310 4.68049836e-310 4.68059087e-310], [12.39411211013794]
[4.68049783e-310 4.68049836e-310 4.68059087e-310], [12.516108751296997]
[4.68049783e-310 4.68049836e-310 4.68059087e-310], [12.640926122665405]
[4.68049783e-310 4.68049836e-310 4.68059087e-310], [12.769066572189331]
[4.68049783e-310 4.68049836e-310 4.68059087e-310], [12.888324975967407]
[4.68049783e-310 4.68049836e-310 4.68059087e-310], [13.009602546691895]
[4.68049783e-310 4.68049836e-310 4.68059087e-310], [13.131162881851196]
[4.68049783e-310 4.68049836e-310 4.68059087e-310], [13.269353866577148]
[4.68049783e-310 4.68049836e-310 4.68059087e-310], [13.39166784286499]
[4.68049783e-310 4.68049836e-310 4.68059087e-310], [13.520508289337158]
[4.68049783e-310 4.68049836e-310 4.68059087e-310], [13.659209489822388]
[4.68049783e-310 4.68049836e-310 4.68059087e-310], [13.794468402862549]
[4.68049783e-310 4.68049836e-310 4.68059087e-310], [13.919048070907593]
[4.68049783e-310 4.68049836e-310 4.68059087e-310], [14.06019401550293]
[4.68049783e-310 4.68049836e-310 4.68059087e-310], [14.194777965545654]
[4.68049783e-310 4.68049836e-310 4.68059087e-310], [14.332220315933228]
[4.68049783e-310 4.68049836e-310 4.68059087e-310], [14.47093152999878]
[4.68049783e-310 4.68049836e-310 4.68059087e-310], [14.61057424545288]
[4.68049783e-310 4.68049836e-310 4.68059087e-310], [14.752776145935059]
[4.68049783e-310 4.68049836e-310 4.68059087e-310], [14.893189191818237]
[4.68049783e-310 4.68049836e-310 4.68059087e-310], [15.032450914382935]
[4.68049783e-310 4.68049836e-310 4.68059087e-310], [15.170947074890137]
[4.68049783e-310 4.68049836e-310 4.68059087e-310], [15.302997589111328]
[4.68049783e-310 4.68049836e-310 4.68059087e-310], [15.425925731658936]
[4.68049783e-310 4.68049836e-310 4.68059087e-310], [15.563766479492188]
[4.68049783e-310 4.68049836e-310 4.68059087e-310], [15.699353694915771]
[4.68049783e-310 4.68049836e-310 4.68059087e-310], [15.829629182815552]
[4.68049783e-310 4.68049836e-310 4.68059087e-310], [15.961977481842041]
[4.68049783e-310 4.68049836e-310 4.68059087e-310], [16.10693669319153]
[4.68049783e-310 4.68049836e-310 4.68059087e-310], [16.246957063674927]
[4.68049783e-310 4.68049836e-310 4.68059087e-310], [16.386452674865723]
[4.68049783e-310 4.68049836e-310 4.68059087e-310], [16.524527549743652]
[4.68049783e-310 4.68049836e-310 4.68059087e-310], [16.66832399368286]
[4.68049783e-310 4.68049836e-310 4.68059087e-310], [16.800965547561646]
[4.68049783e-310 4.68049836e-310 4.68059087e-310], [16.92625904083252]
[4.68049783e-310 4.68049836e-310 4.68059087e-310], [17.062246084213257]
[4.68049783e-310 4.68049836e-310 4.68059087e-310], [17.186222314834595]
[4.68049783e-310 4.68049836e-310 4.68059087e-310], [17.31154203414917]
[4.68049783e-310 4.68049836e-310 4.68059087e-310], [17.45379400253296]
[4.68049783e-310 4.68049836e-310 4.68059087e-310], [17.595536708831787]
[4.68049783e-310 4.68049836e-310 4.68059087e-310], [17.73665475845337]
[4.68049783e-310 4.68049836e-310 4.68059087e-310], [17.875298023223877]
[4.68049783e-310 4.68049836e-310 4.68059087e-310], [18.01546001434326]
[4.68049783e-310 4.68049836e-310 4.68059087e-310], [18.15479874610901]
[4.68049783e-310 4.68049836e-310 4.68059087e-310], [18.290381908416748]
[4.68049783e-310 4.68049836e-310 4.68059087e-310], [18.431819200515747]
[4.68049783e-310 4.68049836e-310 4.68059087e-310], [18.571974754333496]
[4.68049783e-310 4.68049836e-310 4.68059087e-310], [18.70868730545044]
[4.68049783e-310 4.68049836e-310 4.68059087e-310], [18.849453926086426]
[4.68049783e-310 4.68049836e-310 4.68059087e-310], [18.981300830841064]
[4.68049783e-310 4.68049836e-310 4.68059087e-310], [19.106536626815796]
[4.68049783e-310 4.68049836e-310 4.68059087e-310], [19.23933506011963]
[4.68049783e-310 4.68049836e-310 4.68059087e-310], [19.367281675338745]
[4.68049783e-310 4.68049836e-310 4.68059087e-310], [19.4909884929657]
[4.68049783e-310 4.68049836e-310 4.68059087e-310], [19.62179136276245]
[4.68049783e-310 4.68049836e-310 4.68059087e-310], [19.75572180747986]
[4.68049783e-310 4.68049836e-310 4.68059087e-310], [19.909703493118286]
[4.68049783e-310 4.68049836e-310 4.68059087e-310], [20.03224539756775]
[4.68049783e-310 4.68049836e-310 4.68059087e-310], [20.156729698181152]
[4.68049783e-310 4.68049836e-310 4.68059087e-310], [20.27870798110962]
[4.68049783e-310 4.68049836e-310 4.68059087e-310], [20.39863348007202]
[4.68049783e-310 4.68049836e-310 4.68059087e-310], [20.539597749710083]
[4.68049783e-310 4.68049836e-310 4.68059087e-310], [20.667110919952393]
[4.68049783e-310 4.68049836e-310 4.68059087e-310], [20.7987117767334]
[4.68049783e-310 4.68049836e-310 4.68059087e-310], [20.922304391860962]
[4.68049783e-310 4.68049836e-310 4.68059087e-310], [21.0469651222229]
[4.68049783e-310 4.68049836e-310 4.68059087e-310], [21.171252727508545]
[4.68049783e-310 4.68049836e-310 4.68059087e-310], [21.2895724773407]
[4.68049783e-310 4.68049836e-310 4.68059087e-310], [21.409740209579468]
[4.68049783e-310 4.68049836e-310 4.68059087e-310], [21.536396265029907]
[4.68049783e-310 4.68049836e-310 4.68059087e-310], [21.665448665618896]
[4.68049783e-310 4.68049836e-310 4.68059087e-310], [21.79224181175232]
[4.68049783e-310 4.68049836e-310 4.68059087e-310], [21.928804874420166]
[4.68049783e-310 4.68049836e-310 4.68059087e-310], [22.05408024787903]
[4.68049783e-310 4.68049836e-310 4.68059087e-310], [22.194295644760132]
[4.68049783e-310 4.68049836e-310 4.68059087e-310], [22.331394910812378]
[4.68049783e-310 4.68049836e-310 4.68059087e-310], [22.471914052963257]
[4.68049783e-310 4.68049836e-310 4.68059087e-310], [22.61095952987671]
[4.68049783e-310 4.68049836e-310 4.68059087e-310], [22.7467942237854]
[4.68049783e-310 4.68049836e-310 4.68059087e-310], [22.89683747291565]
[4.68049783e-310 4.68049836e-310 4.68059087e-310], [23.020780086517334]
[4.68049783e-310 4.68049836e-310 4.68059087e-310], [23.141063928604126]
[4.68049783e-310 4.68049836e-310 4.68059087e-310], [23.27229642868042]
[4.68049783e-310 4.68049836e-310 4.68059087e-310], [23.397589921951294]
[4.68049783e-310 4.68049836e-310 4.68059087e-310], [23.527939558029175]
[4.68049783e-310 4.68049836e-310 4.68059087e-310], [23.64902138710022]
[4.68049783e-310 4.68049836e-310 4.68059087e-310], [23.768413066864014]
[4.68049783e-310 4.68049836e-310 4.68059087e-310], [23.889973402023315]
[4.68049783e-310 4.68049836e-310 4.68059087e-310], [24.012722492218018]
[4.68049783e-310 4.68049836e-310 4.68059087e-310], [24.140758991241455]
[4.68049783e-310 4.68049836e-310 4.68059087e-310], [24.27435874938965]
[4.68049783e-310 4.68049836e-310 4.68059087e-310], [24.40625786781311]
[4.68049783e-310 4.68049836e-310 4.68059087e-310], [24.54953169822693]
[4.68049783e-310 4.68049836e-310 4.68059087e-310], [24.67179536819458]
[4.68049783e-310 4.68049836e-310 4.68059087e-310], [24.793401956558228]
[4.68049783e-310 4.68049836e-310 4.68059087e-310], [24.915629148483276]
[4.68049783e-310 4.68049836e-310 4.68059087e-310], [25.03526997566223]
[4.68049783e-310 4.68049836e-310 4.68059087e-310], [25.160610675811768]
[4.68049783e-310 4.68049836e-310 4.68059087e-310], [25.28728222846985]
[4.68049783e-310 4.68049836e-310 4.68059087e-310], [25.415836811065674]
[4.68049783e-310 4.68049836e-310 4.68059087e-310], [25.55027198791504]
[4.68049783e-310 4.68049836e-310 4.68059087e-310], [25.67906379699707]
[4.68049783e-310 4.68049836e-310 4.68059087e-310], [25.81728506088257]
[4.68049783e-310 4.68049836e-310 4.68059087e-310], [25.944454669952393]
[4.68049783e-310 4.68049836e-310 4.68059087e-310], [26.074249744415283]
[4.68049783e-310 4.68049836e-310 4.68059087e-310], [26.203431367874146]
[4.68049783e-310 4.68049836e-310 4.68059087e-310], [26.32343816757202]
[4.68049783e-310 4.68049836e-310 4.68059087e-310], [26.446046352386475]
[4.68049783e-310 4.68049836e-310 4.68059087e-310], [26.569483518600464]
[4.68049783e-310 4.68049836e-310 4.68059087e-310], [26.702390432357788]
[4.68049783e-310 4.68049836e-310 4.68059087e-310], [26.824373960494995]
[4.68049783e-310 4.68049836e-310 4.68059087e-310], [26.94574213027954]
[4.68049783e-310 4.68049836e-310 4.68059087e-310], [27.06314444541931]
[4.68049783e-310 4.68049836e-310 4.68059087e-310], [27.19181990623474]
[4.68049783e-310 4.68049836e-310 4.68059087e-310], [27.325580596923828]
[4.68049783e-310 4.68049836e-310 4.68059087e-310], [27.448344469070435]
[4.68049783e-310 4.68049836e-310 4.68059087e-310], [27.57662558555603]
[4.68049783e-310 4.68049836e-310 4.68059087e-310], [27.729228019714355]
[4.68049783e-310 4.68049836e-310 4.68059087e-310], [27.866887092590332]
[4.68049783e-310 4.68049836e-310 4.68059087e-310], [28.012974500656128]
[4.68049783e-310 4.68049836e-310 4.68059087e-310], [28.148271322250366]
[4.68049783e-310 4.68049836e-310 4.68059087e-310], [28.28665542602539]
[4.68049783e-310 4.68049836e-310 4.68059087e-310], [28.412174940109253]
[4.68049783e-310 4.68049836e-310 4.68059087e-310], [28.545591831207275]
[4.68049783e-310 4.68049836e-310 4.68059087e-310], [28.674710988998413]
[4.68049783e-310 4.68049836e-310 4.68059087e-310], [28.806957721710205]
[4.68049783e-310 4.68049836e-310 4.68059087e-310], [28.951416730880737]
[4.68049783e-310 4.68049836e-310 4.68059087e-310], [29.093237161636353]
[4.68049783e-310 4.68049836e-310 4.68059087e-310], [29.247719526290894]
[4.68049783e-310 4.68049836e-310 4.68059087e-310], [29.378313541412354]
[4.68049783e-310 4.68049836e-310 4.68059087e-310], [29.514718055725098]
[4.68049783e-310 4.68049836e-310 4.68059087e-310], [29.67671847343445]
[4.68049783e-310 4.68049836e-310 4.68059087e-310], [29.826366662979126]
[4.68049783e-310 4.68049836e-310 4.68059087e-310], [29.981839895248413]
[4.68049783e-310 4.68049836e-310 4.68059087e-310], [30.12934374809265]
[4.68049783e-310 4.68049836e-310 4.68059087e-310], [30.271912336349487]
[4.68049783e-310 4.68049836e-310 4.68059087e-310], [30.409043550491333]
[4.68049783e-310 4.68049836e-310 4.68059087e-310], [30.55022144317627]
[4.68049783e-310 4.68049836e-310 4.68059087e-310], [30.698095560073853]
[4.68049783e-310 4.68049836e-310 4.68059087e-310], [30.880059003829956]
[4.68049783e-310 4.68049836e-310 4.68059087e-310], [31.02702260017395]
[4.68049783e-310 4.68049836e-310 4.68059087e-310], [31.15731191635132]
[4.68049783e-310 4.68049836e-310 4.68059087e-310], [31.282986164093018]
[4.68049783e-310 4.68049836e-310 4.68059087e-310], [31.410840272903442]
[4.68049783e-310 4.68049836e-310 4.68059087e-310], [31.545710563659668]
[4.68049783e-310 4.68049836e-310 4.68059087e-310], [31.667890787124634]
[4.68049783e-310 4.68049836e-310 4.68059087e-310], [31.79661989212036]
[4.68049783e-310 4.68049836e-310 4.68059087e-310], [31.926730632781982]
[4.68049783e-310 4.68049836e-310 4.68059087e-310], [32.05137586593628]
[4.68049783e-310 4.68049836e-310 4.68059087e-310], [32.181480884552]
[4.68049783e-310 4.68049836e-310 4.68059087e-310], [32.31141233444214]
[4.68049783e-310 4.68049836e-310 4.68059087e-310], [32.42802572250366]
[4.68049783e-310 4.68049836e-310 4.68059087e-310], [32.54979610443115]
[4.68049783e-310 4.68049836e-310 4.68059087e-310], [32.665178537368774]
[4.68049783e-310 4.68049836e-310 4.68059087e-310], [32.78607130050659]
[4.68049783e-310 4.68049836e-310 4.68059087e-310], [32.9032940864563]
[4.68049783e-310 4.68049836e-310 4.68059087e-310], [33.02350664138794]
[4.68049783e-310 4.68049836e-310 4.68059087e-310], [33.154855251312256]
[4.68049783e-310 4.68049836e-310 4.68059087e-310], [33.296404123306274]
[4.68049783e-310 4.68049836e-310 4.68059087e-310], [33.415069818496704]
[4.68049783e-310 4.68049836e-310 4.68059087e-310], [33.54232954978943]
[4.68049783e-310 4.68049836e-310 4.68059087e-310], [33.65983486175537]
[4.68049783e-310 4.68049836e-310 4.68059087e-310], [33.77726125717163]
[4.68049783e-310 4.68049836e-310 4.68059087e-310], [33.89436411857605]
[4.68049783e-310 4.68049836e-310 4.68059087e-310], [34.01029658317566]
[4.68049783e-310 4.68049836e-310 4.68059087e-310], [34.14092826843262]
[4.68049783e-310 4.68049836e-310 4.68059087e-310], [34.28428673744202]
[4.68049783e-310 4.68049836e-310 4.68059087e-310], [34.42662858963013]
[4.68049783e-310 4.68049836e-310 4.68059087e-310], [34.57225060462952]
[4.68049783e-310 4.68049836e-310 4.68059087e-310], [34.69386291503906]
[4.68049783e-310 4.68049836e-310 4.68059087e-310], [34.817551612854004]
[4.68049783e-310 4.68049836e-310 4.68059087e-310], [34.9375536441803]
[4.68049783e-310 4.68049836e-310 4.68059087e-310], [35.057088136672974]
[4.68049783e-310 4.68049836e-310 4.68059087e-310], [35.17522668838501]
[4.68049783e-310 4.68049836e-310 4.68059087e-310], [35.29532504081726]
[4.68049783e-310 4.68049836e-310 4.68059087e-310], [35.43515229225159]
[4.68049783e-310 4.68049836e-310 4.68059087e-310], [35.575862646102905]
[4.68049783e-310 4.68049836e-310 4.68059087e-310], [35.69596004486084]
[4.68049783e-310 4.68049836e-310 4.68059087e-310], [35.83056330680847]
[4.68049783e-310 4.68049836e-310 4.68059087e-310], [35.96050262451172]
[4.68049783e-310 4.68049836e-310 4.68059087e-310], [36.09381699562073]
[4.68049783e-310 4.68049836e-310 4.68059087e-310], [36.23477625846863]
[4.68049783e-310 4.68049836e-310 4.68059087e-310], [36.3590772151947]
[4.68049783e-310 4.68049836e-310 4.68059087e-310], [36.48791170120239]
[4.68049783e-310 4.68049836e-310 4.68059087e-310], [36.616591453552246]
[4.68049783e-310 4.68049836e-310 4.68059087e-310], [36.73567175865173]
[4.68049783e-310 4.68049836e-310 4.68059087e-310], [36.861796140670776]
[4.68049783e-310 4.68049836e-310 4.68059087e-310], [36.98348140716553]
[4.68049783e-310 4.68049836e-310 4.68059087e-310], [37.10726881027222]
[4.68049783e-310 4.68049836e-310 4.68059087e-310], [37.23408579826355]
[4.68049783e-310 4.68049836e-310 4.68059087e-310], [37.35758018493652]
[4.68049783e-310 4.68049836e-310 4.68059087e-310], [37.50138974189758]
[4.68049783e-310 4.68049836e-310 4.68059087e-310], [37.63928508758545]
[4.68049783e-310 4.68049836e-310 4.68059087e-310], [37.78328514099121]
[4.68049783e-310 4.68049836e-310 4.68059087e-310], [37.90374231338501]
[4.68049783e-310 4.68049836e-310 4.68059087e-310], [38.03361439704895]
[4.68049783e-310 4.68049836e-310 4.68059087e-310], [38.167017698287964]
[4.68049783e-310 4.68049836e-310 4.68059087e-310], [38.291568994522095]
[4.68049783e-310 4.68049836e-310 4.68059087e-310], [38.432159662246704]
[4.68049783e-310 4.68049836e-310 4.68059087e-310], [38.56806182861328]
[4.68049783e-310 4.68049836e-310 4.68059087e-310], [38.69517731666565]
[4.68049783e-310 4.68049836e-310 4.68059087e-310], [38.8284215927124]
[4.68049783e-310 4.68049836e-310 4.68059087e-310], [38.96087098121643]
[4.68049783e-310 4.68049836e-310 4.68059087e-310], [39.089197397232056]
[4.68049783e-310 4.68049836e-310 4.68059087e-310], [39.22356367111206]
[4.68049783e-310 4.68049836e-310 4.68059087e-310], [39.35862350463867]
[4.68049783e-310 4.68049836e-310 4.68059087e-310], [39.491201639175415]
[4.68049783e-310 4.68049836e-310 4.68059087e-310], [39.63533639907837]
[4.68049783e-310 4.68049836e-310 4.68059087e-310], [39.755313873291016]
[4.68049783e-310 4.68049836e-310 4.68059087e-310], [39.880048513412476]
[4.68049783e-310 4.68049836e-310 4.68059087e-310], [40.02190089225769]
[4.68049783e-310 4.68049836e-310 4.68059087e-310], [40.16481876373291]
[4.68049783e-310 4.68049836e-310 4.68059087e-310], [40.300591468811035]
[4.68049783e-310 4.68049836e-310 4.68059087e-310], [40.42126131057739]
[4.68049783e-310 4.68049836e-310 4.68059087e-310], [40.546613931655884]
[4.68049783e-310 4.68049836e-310 4.68059087e-310], [40.681018114089966]
[4.68049783e-310 4.68049836e-310 4.68059087e-310], [40.80837345123291]
[4.68049783e-310 4.68049836e-310 4.68059087e-310], [40.936912536621094]
[4.68049783e-310 4.68049836e-310 4.68059087e-310], [41.05628180503845]
[4.68049783e-310 4.68049836e-310 4.68059087e-310], [41.18147826194763]
[4.68049783e-310 4.68049836e-310 4.68059087e-310], [41.300596952438354]
[4.68049783e-310 4.68049836e-310 4.68059087e-310], [41.42971158027649]
[4.68049783e-310 4.68049836e-310 4.68059087e-310], [41.54954409599304]
[4.68049783e-310 4.68049836e-310 4.68059087e-310], [41.6749472618103]
[4.68049783e-310 4.68049836e-310 4.68059087e-310], [41.79949164390564]
[4.68049783e-310 4.68049836e-310 4.68059087e-310], [41.9174747467041]
[4.68049783e-310 4.68049836e-310 4.68059087e-310], [42.035794734954834]
[4.68049783e-310 4.68049836e-310 4.68059087e-310], [42.175681352615356]
[4.68049783e-310 4.68049836e-310 4.68059087e-310], [42.31227111816406]
[4.68049783e-310 4.68049836e-310 4.68059087e-310], [42.456459283828735]
[4.68049783e-310 4.68049836e-310 4.68059087e-310], [42.583043575286865]
[4.68049783e-310 4.68049836e-310 4.68059087e-310], [42.70643353462219]
[4.68049783e-310 4.68049836e-310 4.68059087e-310], [42.83980345726013]
[4.68049783e-310 4.68049836e-310 4.68059087e-310], [42.967047691345215]
[4.68049783e-310 4.68049836e-310 4.68059087e-310], [43.10172629356384]
[4.68049783e-310 4.68049836e-310 4.68059087e-310], [43.24075245857239]
[4.68049783e-310 4.68049836e-310 4.68059087e-310], [43.38172245025635]
[4.68049783e-310 4.68049836e-310 4.68059087e-310], [43.52235221862793]
[4.68049783e-310 4.68049836e-310 4.68059087e-310], [43.6462299823761]
[4.68049783e-310 4.68049836e-310 4.68059087e-310], [43.78167796134949]
[4.68049783e-310 4.68049836e-310 4.68059087e-310], [43.91873836517334]
[4.68049783e-310 4.68049836e-310 4.68059087e-310], [44.04542684555054]
[4.68049783e-310 4.68049836e-310 4.68059087e-310], [44.172447204589844]
[4.68049783e-310 4.68049836e-310 4.68059087e-310], [44.29874658584595]
[4.68049783e-310 4.68049836e-310 4.68059087e-310], [44.43108153343201]
[4.68049783e-310 4.68049836e-310 4.68059087e-310], [44.549153089523315]
[4.68049783e-310 4.68049836e-310 4.68059087e-310], [44.66811561584473]
[4.68049783e-310 4.68049836e-310 4.68059087e-310], [44.80083107948303]
[4.68049783e-310 4.68049836e-310 4.68059087e-310], [44.93497323989868]
[4.68049783e-310 4.68049836e-310 4.68059087e-310], [45.06850624084473]
[4.68049783e-310 4.68049836e-310 4.68059087e-310], [45.206480503082275]
[4.68049783e-310 4.68049836e-310 4.68059087e-310], [45.335193395614624]
[4.68049783e-310 4.68049836e-310 4.68059087e-310], [45.46687150001526]
[4.68049783e-310 4.68049836e-310 4.68059087e-310], [45.599653244018555]
[4.68049783e-310 4.68049836e-310 4.68059087e-310], [45.72257161140442]
[4.68049783e-310 4.68049836e-310 4.68059087e-310], [45.848132848739624]
[4.68049783e-310 4.68049836e-310 4.68059087e-310], [45.978511571884155]
[4.68049783e-310 4.68049836e-310 4.68059087e-310], [46.11055088043213]
[4.68049783e-310 4.68049836e-310 4.68059087e-310], [46.23364043235779]
[4.68049783e-310 4.68049836e-310 4.68059087e-310], [46.35664391517639]
[4.68049783e-310 4.68049836e-310 4.68059087e-310], [46.47512364387512]
[4.68049783e-310 4.68049836e-310 4.68059087e-310], [46.593870639801025]
[4.68049783e-310 4.68049836e-310 4.68059087e-310], [46.709479331970215]
[4.68049783e-310 4.68049836e-310 4.68059087e-310], [46.84459137916565]
[4.68049783e-310 4.68049836e-310 4.68059087e-310], [46.96464204788208]
[4.68049783e-310 4.68049836e-310 4.68059087e-310], [47.08174514770508]
[4.68049783e-310 4.68049836e-310 4.68059087e-310], [47.20988988876343]
[4.68049783e-310 4.68049836e-310 4.68059087e-310], [47.329227924346924]
[4.68049783e-310 4.68049836e-310 4.68059087e-310], [47.458958864212036]
[4.68049783e-310 4.68049836e-310 4.68059087e-310], [47.58091926574707]
[4.68049783e-310 4.68049836e-310 4.68059087e-310], [47.71354794502258]
[4.68049783e-310 4.68049836e-310 4.68059087e-310], [47.83432459831238]
[4.68049783e-310 4.68049836e-310 4.68059087e-310], [47.96411633491516]
[4.68049783e-310 4.68049836e-310 4.68059087e-310], [48.08476185798645]
[4.68049783e-310 4.68049836e-310 4.68059087e-310], [48.20353031158447]
[4.68049783e-310 4.68049836e-310 4.68059087e-310], [48.32108974456787]
[4.68049783e-310 4.68049836e-310 4.68059087e-310], [48.44101524353027]
[4.68049783e-310 4.68049836e-310 4.68059087e-310], [48.56262493133545]
[4.68049783e-310 4.68049836e-310 4.68059087e-310], [48.68250823020935]
[4.68049783e-310 4.68049836e-310 4.68059087e-310], [48.8099730014801]
[4.68049783e-310 4.68049836e-310 4.68059087e-310], [48.929532289505005]
[4.68049783e-310 4.68049836e-310 4.68059087e-310], [49.05502104759216]
[4.68049783e-310 4.68049836e-310 4.68059087e-310], [49.17555236816406]
[4.68049783e-310 4.68049836e-310 4.68059087e-310], [49.292351484298706]
[4.68049783e-310 4.68049836e-310 4.68059087e-310], [49.41089391708374]
[4.68049783e-310 4.68049836e-310 4.68059087e-310], [49.53035306930542]
[4.68049783e-310 4.68049836e-310 4.68059087e-310], [49.64706015586853]
[4.68049783e-310 4.68049836e-310 4.68059087e-310], [49.763195276260376]
[4.68049783e-310 4.68049836e-310 4.68059087e-310], [49.879841327667236]
[4.68049783e-310 4.68049836e-310 4.68059087e-310], [49.99634122848511]
[4.68049783e-310 4.68049836e-310 4.68059087e-310], [50.115737199783325]
[4.68049783e-310 4.68049836e-310 4.68059087e-310], [50.24535083770752]
[4.68049783e-310 4.68049836e-310 4.68059087e-310], [50.36461782455444]
[4.68049783e-310 4.68049836e-310 4.68059087e-310], [50.49280309677124]
[4.68049783e-310 4.68049836e-310 4.68059087e-310], [50.61459422111511]
[4.68049783e-310 4.68049836e-310 4.68059087e-310], [50.73315072059631]
[4.68049783e-310 4.68049836e-310 4.68059087e-310], [50.85091686248779]
[4.68049783e-310 4.68049836e-310 4.68059087e-310], [50.96784949302673]
[4.68049783e-310 4.68049836e-310 4.68059087e-310], [51.08597230911255]
[4.68049783e-310 4.68049836e-310 4.68059087e-310], [51.20379948616028]
[4.68049783e-310 4.68049836e-310 4.68059087e-310], [51.32531023025513]
[4.68049783e-310 4.68049836e-310 4.68059087e-310], [51.45322251319885]
[4.68049783e-310 4.68049836e-310 4.68059087e-310], [51.57245445251465]
[4.68049783e-310 4.68049836e-310 4.68059087e-310], [51.704808712005615]
[4.68049783e-310 4.68049836e-310 4.68059087e-310], [51.83705973625183]
[4.68049783e-310 4.68049836e-310 4.68059087e-310], [51.9549241065979]
[4.68049783e-310 4.68049836e-310 4.68059087e-310], [52.072829246520996]
[4.68049783e-310 4.68049836e-310 4.68059087e-310], [52.19897985458374]
[4.68049783e-310 4.68049836e-310 4.68059087e-310], [52.36222529411316]
[4.68049783e-310 4.68049836e-310 4.68059087e-310], [52.529966831207275]
[4.68049783e-310 4.68049836e-310 4.68059087e-310], [52.676939725875854]
[4.68049783e-310 4.68049836e-310 4.68059087e-310], [52.8069589138031]
[4.68049783e-310 4.68049836e-310 4.68059087e-310], [52.938923835754395]
[4.68049783e-310 4.68049836e-310 4.68059087e-310], [53.07258629798889]
[4.68049783e-310 4.68049836e-310 4.68059087e-310], [53.20256304740906]
[4.68049783e-310 4.68049836e-310 4.68059087e-310], [53.32499551773071]
[4.68049783e-310 4.68049836e-310 4.68059087e-310], [53.450927734375]
[4.68049783e-310 4.68049836e-310 4.68059087e-310], [53.58058571815491]
[4.68049783e-310 4.68049836e-310 4.68059087e-310], [53.70049071311951]
[4.68049783e-310 4.68049836e-310 4.68059087e-310], [53.85041832923889]
[4.68049783e-310 4.68049836e-310 4.68059087e-310], [53.99670457839966]
[4.68049783e-310 4.68049836e-310 4.68059087e-310], [54.138328313827515]
[4.68049783e-310 4.68049836e-310 4.68059087e-310], [54.26600456237793]
[4.68049783e-310 4.68049836e-310 4.68059087e-310], [54.40159273147583]
[4.68049783e-310 4.68049836e-310 4.68059087e-310], [54.542802810668945]
[4.68049783e-310 4.68049836e-310 4.68059087e-310], [54.68971085548401]
[4.68049783e-310 4.68049836e-310 4.68059087e-310], [54.81945562362671]
[4.68049783e-310 4.68049836e-310 4.68059087e-310], [54.95030212402344]
[4.68049783e-310 4.68049836e-310 4.68059087e-310], [55.079265117645264]
[4.68049783e-310 4.68049836e-310 4.68059087e-310], [55.2029972076416]
[4.68049783e-310 4.68049836e-310 4.68059087e-310], [55.3462929725647]
[4.68049783e-310 4.68049836e-310 4.68059087e-310], [55.4789035320282]
[4.68049783e-310 4.68049836e-310 4.68059087e-310], [55.626516580581665]
[4.68049783e-310 4.68049836e-310 4.68059087e-310], [55.75413417816162]
[4.68049783e-310 4.68049836e-310 4.68059087e-310], [55.87548279762268]
[4.68049783e-310 4.68049836e-310 4.68059087e-310], [56.00924062728882]
[4.68049783e-310 4.68049836e-310 4.68059087e-310], [56.137856245040894]
[4.68049783e-310 4.68049836e-310 4.68059087e-310], [56.25490093231201]
[4.68049783e-310 4.68049836e-310 4.68059087e-310], [56.3765709400177]
[4.68049783e-310 4.68049836e-310 4.68059087e-310], [56.509405851364136]
[4.68049783e-310 4.68049836e-310 4.68059087e-310], [56.64124059677124]
[4.68049783e-310 4.68049836e-310 4.68059087e-310], [56.772600412368774]
[4.68049783e-310 4.68049836e-310 4.68059087e-310], [56.897271394729614]
[4.68049783e-310 4.68049836e-310 4.68059087e-310], [57.023035287857056]
[4.68049783e-310 4.68049836e-310 4.68059087e-310], [57.14619207382202]
[4.68049783e-310 4.68049836e-310 4.68059087e-310], [57.263836145401]
[4.68049783e-310 4.68049836e-310 4.68059087e-310], [57.39940881729126]
[4.68049783e-310 4.68049836e-310 4.68059087e-310], [57.52322030067444]
[4.68049783e-310 4.68049836e-310 4.68059087e-310], [57.654137134552]
[4.68049783e-310 4.68049836e-310 4.68059087e-310], [57.78210687637329]
[4.68049783e-310 4.68049836e-310 4.68059087e-310], [57.91175436973572]
[4.68049783e-310 4.68049836e-310 4.68059087e-310], [58.036736726760864]
[4.68049783e-310 4.68049836e-310 4.68059087e-310], [58.164464473724365]
[4.68049783e-310 4.68049836e-310 4.68059087e-310], [58.28586792945862]
[4.68049783e-310 4.68049836e-310 4.68059087e-310], [58.413177490234375]
[4.68049783e-310 4.68049836e-310 4.68059087e-310], [58.54270076751709]
[4.68049783e-310 4.68049836e-310 4.68059087e-310], [58.671777963638306]
[4.68049783e-310 4.68049836e-310 4.68059087e-310], [58.799484729766846]
[4.68049783e-310 4.68049836e-310 4.68059087e-310], [58.918524980545044]
[4.68049783e-310 4.68049836e-310 4.68059087e-310], [59.04468059539795]
[4.68049783e-310 4.68049836e-310 4.68059087e-310], [59.180737018585205]
[4.68049783e-310 4.68049836e-310 4.68059087e-310], [59.304200172424316]
[4.68049783e-310 4.68049836e-310 4.68059087e-310], [59.42964577674866]
[4.68049783e-310 4.68049836e-310 4.68059087e-310], [59.557777881622314]
[4.68049783e-310 4.68049836e-310 4.68059087e-310], [59.67983865737915]
[4.68049783e-310 4.68049836e-310 4.68059087e-310], [59.80324411392212]
[4.68049783e-310 4.68049836e-310 4.68059087e-310], [59.92704892158508]
[4.68049783e-310 4.68049836e-310 4.68059087e-310], [60.0537269115448]
[4.68049783e-310 4.68049836e-310 4.68059087e-310], [60.18188118934631]
[4.68049783e-310 4.68049836e-310 4.68059087e-310], [60.31011080741882]
[4.68049783e-310 4.68049836e-310 4.68059087e-310], [60.44290494918823]
[4.68049783e-310 4.68049836e-310 4.68059087e-310], [60.58904004096985]
[4.68049783e-310 4.68049836e-310 4.68059087e-310], [60.71010971069336]
[4.68049783e-310 4.68049836e-310 4.68059087e-310], [60.839844703674316]
[4.68049783e-310 4.68049836e-310 4.68059087e-310], [60.96363925933838]
[4.68049783e-310 4.68049836e-310 4.68059087e-310], [61.08902406692505]
[4.68049783e-310 4.68049836e-310 4.68059087e-310], [61.21938943862915]
[4.68049783e-310 4.68049836e-310 4.68059087e-310], [61.34717845916748]
[4.68049783e-310 4.68049836e-310 4.68059087e-310], [61.476465463638306]
[4.68049783e-310 4.68049836e-310 4.68059087e-310], [61.59352421760559]
[4.68049783e-310 4.68049836e-310 4.68059087e-310], [61.713404417037964]
[4.68049783e-310 4.68049836e-310 4.68059087e-310], [61.83372497558594]
[4.68049783e-310 4.68049836e-310 4.68059087e-310], [61.98528528213501]
[4.68049783e-310 4.68049836e-310 4.68059087e-310], [62.13473629951477]
[4.68049783e-310 4.68049836e-310 4.68059087e-310], [62.25487923622131]
[4.68049783e-310 4.68049836e-310 4.68059087e-310], [62.37753939628601]
[4.68049783e-310 4.68049836e-310 4.68059087e-310], [62.50605821609497]
[4.68049783e-310 4.68049836e-310 4.68059087e-310], [62.62772297859192]
[4.68049783e-310 4.68049836e-310 4.68059087e-310], [62.74737524986267]
[4.68049783e-310 4.68049836e-310 4.68059087e-310], [62.876580238342285]
[4.68049783e-310 4.68049836e-310 4.68059087e-310], [63.0218665599823]
[4.68049783e-310 4.68049836e-310 4.68059087e-310], [63.15166187286377]
[4.68049783e-310 4.68049836e-310 4.68059087e-310], [63.270132541656494]
[4.68049783e-310 4.68049836e-310 4.68059087e-310], [63.39417791366577]
[4.68049783e-310 4.68049836e-310 4.68059087e-310], [63.51240110397339]
[4.68049783e-310 4.68049836e-310 4.68059087e-310], [63.63501214981079]
[4.68049783e-310 4.68049836e-310 4.68059087e-310], [63.76468801498413]
[4.68049783e-310 4.68049836e-310 4.68059087e-310], [63.88424229621887]
[4.68049783e-310 4.68049836e-310 4.68059087e-310], [64.01110410690308]
[4.68049783e-310 4.68049836e-310 4.68059087e-310], [64.13793349266052]
[4.68049783e-310 4.68049836e-310 4.68059087e-310], [64.26582503318787]
[4.68049783e-310 4.68049836e-310 4.68059087e-310], [64.38976955413818]
[4.68049783e-310 4.68049836e-310 4.68059087e-310], [64.52837681770325]
[4.68049783e-310 4.68049836e-310 4.68059087e-310], [64.65350127220154]
[4.68049783e-310 4.68049836e-310 4.68059087e-310], [64.77698636054993]
[4.68049783e-310 4.68049836e-310 4.68059087e-310], [64.91021800041199]
[4.68049783e-310 4.68049836e-310 4.68059087e-310], [65.03698134422302]
[4.68049783e-310 4.68049836e-310 4.68059087e-310], [65.15952968597412]
[4.68049783e-310 4.68049836e-310 4.68059087e-310], [65.28267359733582]
[4.68049783e-310 4.68049836e-310 4.68059087e-310], [65.40858054161072]
[4.68049783e-310 4.68049836e-310 4.68059087e-310], [65.53480625152588]
[4.68049783e-310 4.68049836e-310 4.68059087e-310], [65.66436195373535]
[4.68049783e-310 4.68049836e-310 4.68059087e-310], [65.78701782226562]
[4.68049783e-310 4.68049836e-310 4.68059087e-310], [65.91146540641785]
[4.68049783e-310 4.68049836e-310 4.68059087e-310], [66.03250646591187]
[4.68049783e-310 4.68049836e-310 4.68059087e-310], [66.1595778465271]
[4.68049783e-310 4.68049836e-310 4.68059087e-310], [66.28671193122864]
[4.68049783e-310 4.68049836e-310 4.68059087e-310], [66.40950512886047]
[4.68049783e-310 4.68049836e-310 4.68059087e-310], [66.54197978973389]
[4.68049783e-310 4.68049836e-310 4.68059087e-310], [66.66524028778076]
[4.68049783e-310 4.68049836e-310 4.68059087e-310], [66.78920793533325]
[4.68049783e-310 4.68049836e-310 4.68059087e-310], [66.90944075584412]
[4.68049783e-310 4.68049836e-310 4.68059087e-310], [67.03605389595032]
[4.68049783e-310 4.68049836e-310 4.68059087e-310], [67.16296982765198]
[4.68049783e-310 4.68049836e-310 4.68059087e-310], [67.28708839416504]
[4.68049783e-310 4.68049836e-310 4.68059087e-310], [67.42206573486328]
[4.68049783e-310 4.68049836e-310 4.68059087e-310], [67.54372549057007]
[4.68049783e-310 4.68049836e-310 4.68059087e-310], [67.68027997016907]
[4.68049783e-310 4.68049836e-310 4.68059087e-310], [67.80920720100403]
[4.68049783e-310 4.68049836e-310 4.68059087e-310], [67.93521070480347]
[4.68049783e-310 4.68049836e-310 4.68059087e-310], [68.07052040100098]
[4.68049783e-310 4.68049836e-310 4.68059087e-310], [68.1898877620697]
[4.68049783e-310 4.68049836e-310 4.68059087e-310], [68.35299968719482]
[4.68049783e-310 4.68049836e-310 4.68059087e-310], [68.52305626869202]
[4.68049783e-310 4.68049836e-310 4.68059087e-310], [68.6674792766571]
[4.68049783e-310 4.68049836e-310 4.68059087e-310], [68.80372333526611]
[4.68049783e-310 4.68049836e-310 4.68059087e-310], [68.91809248924255]
[4.68049783e-310 4.68049836e-310 4.68059087e-310], [69.03534650802612]
[4.68049783e-310 4.68049836e-310 4.68059087e-310], [69.15443444252014]
[4.68049783e-310 4.68049836e-310 4.68059087e-310], [69.28152585029602]
[4.68049783e-310 4.68049836e-310 4.68059087e-310], [69.41317772865295]
[4.68049783e-310 4.68049836e-310 4.68059087e-310], [69.54656457901001]
[4.68049783e-310 4.68049836e-310 4.68059087e-310], [69.67580318450928]
[4.68049783e-310 4.68049836e-310 4.68059087e-310], [69.80381965637207]
[4.68049783e-310 4.68049836e-310 4.68059087e-310], [69.93453788757324]
[4.68049783e-310 4.68049836e-310 4.68059087e-310], [70.06226706504822]
[4.68049783e-310 4.68049836e-310 4.68059087e-310], [70.18938827514648]
[4.68049783e-310 4.68049836e-310 4.68059087e-310], [70.30951523780823]
[4.68049783e-310 4.68049836e-310 4.68059087e-310], [70.43905305862427]
[4.68049783e-310 4.68049836e-310 4.68059087e-310], [70.5815019607544]
[4.68049783e-310 4.68049836e-310 4.68059087e-310], [70.71324491500854]
[4.68049783e-310 4.68049836e-310 4.68059087e-310], [70.84009671211243]
[4.68049783e-310 4.68049836e-310 4.68059087e-310], [70.96411800384521]
[4.68049783e-310 4.68049836e-310 4.68059087e-310], [71.0924482345581]
[4.68049783e-310 4.68049836e-310 4.68059087e-310], [71.215096950531]
[4.68049783e-310 4.68049836e-310 4.68059087e-310], [71.3445782661438]
[4.68049783e-310 4.68049836e-310 4.68059087e-310], [71.46595621109009]
[4.68049783e-310 4.68049836e-310 4.68059087e-310], [71.58744645118713]
[4.68049783e-310 4.68049836e-310 4.68059087e-310], [71.7273530960083]
[4.68049783e-310 4.68049836e-310 4.68059087e-310], [71.85931825637817]
[4.68049783e-310 4.68049836e-310 4.68059087e-310], [71.98639011383057]
[4.68049783e-310 4.68049836e-310 4.68059087e-310], [72.11936712265015]
[4.68049783e-310 4.68049836e-310 4.68059087e-310], [72.25505018234253]
[4.68049783e-310 4.68049836e-310 4.68059087e-310], [72.38063669204712]
[4.68049783e-310 4.68049836e-310 4.68059087e-310], [72.50239372253418]
[4.68049783e-310 4.68049836e-310 4.68059087e-310], [72.62541580200195]
[4.68049783e-310 4.68049836e-310 4.68059087e-310], [72.74994397163391]
[4.68049783e-310 4.68049836e-310 4.68059087e-310], [72.88689279556274]
[4.68049783e-310 4.68049836e-310 4.68059087e-310], [73.02797079086304]
[4.68049783e-310 4.68049836e-310 4.68059087e-310], [73.16104507446289]
[4.68049783e-310 4.68049836e-310 4.68059087e-310], [73.28456521034241]
[4.68049783e-310 4.68049836e-310 4.68059087e-310], [73.4195990562439]
[4.68049783e-310 4.68049836e-310 4.68059087e-310], [73.54159808158875]
[4.68049783e-310 4.68049836e-310 4.68059087e-310], [73.66689968109131]
[4.68049783e-310 4.68049836e-310 4.68059087e-310], [73.79707622528076]
[4.68049783e-310 4.68049836e-310 4.68059087e-310], [73.94713759422302]
[4.68049783e-310 4.68049836e-310 4.68059087e-310], [74.07939648628235]
[4.68049783e-310 4.68049836e-310 4.68059087e-310], [74.21123504638672]
[4.68049783e-310 4.68049836e-310 4.68059087e-310], [74.34294319152832]
[4.68049783e-310 4.68049836e-310 4.68059087e-310], [74.4683289527893]
[4.68049783e-310 4.68049836e-310 4.68059087e-310], [74.58777070045471]
[4.68049783e-310 4.68049836e-310 4.68059087e-310], [74.71527981758118]
[4.68049783e-310 4.68049836e-310 4.68059087e-310], [74.84858536720276]
[4.68049783e-310 4.68049836e-310 4.68059087e-310], [74.966961145401]
[4.68049783e-310 4.68049836e-310 4.68059087e-310], [75.08493065834045]
[4.68049783e-310 4.68049836e-310 4.68059087e-310], [75.20477604866028]
[4.68049783e-310 4.68049836e-310 4.68059087e-310], [75.32763743400574]
[4.68049783e-310 4.68049836e-310 4.68059087e-310], [75.45110821723938]
[4.68049783e-310 4.68049836e-310 4.68059087e-310], [75.57941341400146]
[4.68049783e-310 4.68049836e-310 4.68059087e-310], [75.70443224906921]
[4.68049783e-310 4.68049836e-310 4.68059087e-310], [75.84680914878845]
[4.68049783e-310 4.68049836e-310 4.68059087e-310], [75.97897529602051]
[4.68049783e-310 4.68049836e-310 4.68059087e-310], [76.11307740211487]
[4.68049783e-310 4.68049836e-310 4.68059087e-310], [76.23431444168091]
[4.68049783e-310 4.68049836e-310 4.68059087e-310], [76.35542058944702]
[4.68049783e-310 4.68049836e-310 4.68059087e-310], [76.47380208969116]
[4.68049783e-310 4.68049836e-310 4.68059087e-310], [76.59871935844421]
[4.68049783e-310 4.68049836e-310 4.68059087e-310], [76.72187423706055]
[4.68049783e-310 4.68049836e-310 4.68059087e-310], [76.88811445236206]
[4.68049783e-310 4.68049836e-310 4.68059087e-310], [77.02930212020874]
[4.68049783e-310 4.68049836e-310 4.68059087e-310], [77.15893793106079]
[4.68049783e-310 4.68049836e-310 4.68059087e-310], [77.28553104400635]
[4.68049783e-310 4.68049836e-310 4.68059087e-310], [77.4112548828125]
[4.68049783e-310 4.68049836e-310 4.68059087e-310], [77.53811883926392]
[4.68049783e-310 4.68049836e-310 4.68059087e-310], [77.66195559501648]
[4.68049783e-310 4.68049836e-310 4.68059087e-310], [77.79639434814453]
[4.68049783e-310 4.68049836e-310 4.68059087e-310], [77.91572856903076]
[4.68049783e-310 4.68049836e-310 4.68059087e-310], [78.03414869308472]
[4.68049783e-310 4.68049836e-310 4.68059087e-310], [78.15640783309937]
[4.68049783e-310 4.68049836e-310 4.68059087e-310], [78.29728627204895]
[4.68049783e-310 4.68049836e-310 4.68059087e-310], [78.4460301399231]
[4.68049783e-310 4.68049836e-310 4.68059087e-310], [78.58142352104187]
[4.68049783e-310 4.68049836e-310 4.68059087e-310], [78.72170782089233]
[4.68049783e-310 4.68049836e-310 4.68059087e-310], [78.85993671417236]
[4.68049783e-310 4.68049836e-310 4.68059087e-310], [79.00592494010925]
[4.68049783e-310 4.68049836e-310 4.68059087e-310], [79.13364744186401]
[4.68049783e-310 4.68049836e-310 4.68059087e-310], [79.26522302627563]
[4.68049783e-310 4.68049836e-310 4.68059087e-310], [79.39328598976135]
[4.68049783e-310 4.68049836e-310 4.68059087e-310], [79.5264573097229]
[4.68049783e-310 4.68049836e-310 4.68059087e-310], [79.66583371162415]
[4.68049783e-310 4.68049836e-310 4.68059087e-310], [79.78415536880493]
[4.68049783e-310 4.68049836e-310 4.68059087e-310], [79.90477228164673]
[4.68049783e-310 4.68049836e-310 4.68059087e-310], [80.03025937080383]
[4.68049783e-310 4.68049836e-310 4.68059087e-310], [80.16461420059204]
[4.68049783e-310 4.68049836e-310 4.68059087e-310], [80.29405117034912]
[4.68049783e-310 4.68049836e-310 4.68059087e-310], [80.41705060005188]
[4.68049783e-310 4.68049836e-310 4.68059087e-310], [80.5511589050293]
[4.68049783e-310 4.68049836e-310 4.68059087e-310], [80.67958092689514]
[4.68049783e-310 4.68049836e-310 4.68059087e-310], [80.80731272697449]
[4.68049783e-310 4.68049836e-310 4.68059087e-310], [80.93124914169312]
[4.68049783e-310 4.68049836e-310 4.68059087e-310], [81.05597615242004]
[4.68049783e-310 4.68049836e-310 4.68059087e-310], [81.18160319328308]
[4.68049783e-310 4.68049836e-310 4.68059087e-310], [81.31572103500366]
[4.68049783e-310 4.68049836e-310 4.68059087e-310], [81.43817353248596]
[4.68049783e-310 4.68049836e-310 4.68059087e-310], [81.56837320327759]
[4.68049783e-310 4.68049836e-310 4.68059087e-310], [81.69390559196472]
[4.68049783e-310 4.68049836e-310 4.68059087e-310], [81.83835172653198]
[4.68049783e-310 4.68049836e-310 4.68059087e-310], [81.96484899520874]
[4.68049783e-310 4.68049836e-310 4.68059087e-310], [82.08271360397339]
[4.68049783e-310 4.68049836e-310 4.68059087e-310], [82.20648384094238]
[4.68049783e-310 4.68049836e-310 4.68059087e-310], [82.34128475189209]
[4.68049783e-310 4.68049836e-310 4.68059087e-310], [82.4596221446991]
[4.68049783e-310 4.68049836e-310 4.68059087e-310], [82.58725261688232]
[4.68049783e-310 4.68049836e-310 4.68059087e-310], [82.70619463920593]
[4.68049783e-310 4.68049836e-310 4.68059087e-310], [82.83870959281921]
[4.68049783e-310 4.68049836e-310 4.68059087e-310], [82.97768664360046]
[4.68049783e-310 4.68049836e-310 4.68059087e-310], [83.12577962875366]
[4.68049783e-310 4.68049836e-310 4.68059087e-310], [83.25008344650269]
[4.68049783e-310 4.68049836e-310 4.68059087e-310], [83.3717782497406]
[4.68049783e-310 4.68049836e-310 4.68059087e-310], [83.50640940666199]
[4.68049783e-310 4.68049836e-310 4.68059087e-310], [83.63011193275452]
[4.68049783e-310 4.68049836e-310 4.68059087e-310], [83.75118732452393]
[4.68049783e-310 4.68049836e-310 4.68059087e-310], [83.87493109703064]
[4.68049783e-310 4.68049836e-310 4.68059087e-310], [83.99242329597473]
[4.68049783e-310 4.68049836e-310 4.68059087e-310], [84.10974407196045]
[4.68049783e-310 4.68049836e-310 4.68059087e-310], [84.2562108039856]
[4.68049783e-310 4.68049836e-310 4.68059087e-310], [84.38531517982483]
[4.68049783e-310 4.68049836e-310 4.68059087e-310], [84.50616979598999]
[4.68049783e-310 4.68049836e-310 4.68059087e-310], [84.63010907173157]
[4.68049783e-310 4.68049836e-310 4.68059087e-310], [84.75353860855103]
[4.68049783e-310 4.68049836e-310 4.68059087e-310], [84.87149429321289]
[4.68049783e-310 4.68049836e-310 4.68059087e-310], [84.99469089508057]
[4.68049783e-310 4.68049836e-310 4.68059087e-310], [85.11784267425537]
[4.68049783e-310 4.68049836e-310 4.68059087e-310], [85.24316954612732]
[4.68049783e-310 4.68049836e-310 4.68059087e-310], [85.36458826065063]
[4.68049783e-310 4.68049836e-310 4.68059087e-310], [85.48631286621094]
[4.68049783e-310 4.68049836e-310 4.68059087e-310], [85.61322689056396]
[4.68049783e-310 4.68049836e-310 4.68059087e-310], [85.74428749084473]
[4.68049783e-310 4.68049836e-310 4.68059087e-310], [85.86994123458862]
[4.68049783e-310 4.68049836e-310 4.68059087e-310], [85.98790907859802]
[4.68049783e-310 4.68049836e-310 4.68059087e-310], [86.11153388023376]
[4.68049783e-310 4.68049836e-310 4.68059087e-310], [86.23573780059814]
[4.68049783e-310 4.68049836e-310 4.68059087e-310], [86.37403535842896]
[4.68049783e-310 4.68049836e-310 4.68059087e-310], [86.50801515579224]
[4.68049783e-310 4.68049836e-310 4.68059087e-310], [86.63967442512512]
[4.68049783e-310 4.68049836e-310 4.68059087e-310], [86.76532053947449]
[4.68049783e-310 4.68049836e-310 4.68059087e-310], [86.88296461105347]
[4.68049783e-310 4.68049836e-310 4.68059087e-310], [87.0070903301239]
[4.68049783e-310 4.68049836e-310 4.68059087e-310], [87.13967418670654]
[4.68049783e-310 4.68049836e-310 4.68059087e-310], [87.2650101184845]
[4.68049783e-310 4.68049836e-310 4.68059087e-310], [87.38702249526978]
[4.68049783e-310 4.68049836e-310 4.68059087e-310], [87.50731539726257]
[4.68049783e-310 4.68049836e-310 4.68059087e-310], [87.63021945953369]
[4.68049783e-310 4.68049836e-310 4.68059087e-310], [87.75706791877747]
[4.68049783e-310 4.68049836e-310 4.68059087e-310], [87.8815848827362]
[4.68049783e-310 4.68049836e-310 4.68059087e-310], [88.00488567352295]
[4.68049783e-310 4.68049836e-310 4.68059087e-310], [88.12928700447083]
[4.68049783e-310 4.68049836e-310 4.68059087e-310], [88.25748133659363]
[4.68049783e-310 4.68049836e-310 4.68059087e-310], [88.38207483291626]
[4.68049783e-310 4.68049836e-310 4.68059087e-310], [88.52397060394287]
[4.68049783e-310 4.68049836e-310 4.68059087e-310], [88.65584111213684]
[4.68049783e-310 4.68049836e-310 4.68059087e-310], [88.79966259002686]
[4.68049783e-310 4.68049836e-310 4.68059087e-310], [88.9315493106842]
[4.68049783e-310 4.68049836e-310 4.68059087e-310], [89.05800461769104]
[4.68049783e-310 4.68049836e-310 4.68059087e-310], [89.19652795791626]
[4.68049783e-310 4.68049836e-310 4.68059087e-310], [89.32025861740112]
[4.68049783e-310 4.68049836e-310 4.68059087e-310], [89.44185590744019]
[4.68049783e-310 4.68049836e-310 4.68059087e-310], [89.56230211257935]
[4.68049783e-310 4.68049836e-310 4.68059087e-310], [89.68530774116516]
[4.68049783e-310 4.68049836e-310 4.68059087e-310], [89.82134485244751]
[4.68049783e-310 4.68049836e-310 4.68059087e-310], [89.95924115180969]
[4.68049783e-310 4.68049836e-310 4.68059087e-310], [90.08256101608276]
[4.68049783e-310 4.68049836e-310 4.68059087e-310], [90.20528793334961]
[4.68049783e-310 4.68049836e-310 4.68059087e-310], [90.32694029808044]
[4.68049783e-310 4.68049836e-310 4.68059087e-310], [90.44737482070923]
[4.68049783e-310 4.68049836e-310 4.68059087e-310], [90.58469939231873]
[4.68049783e-310 4.68049836e-310 4.68059087e-310], [90.70238852500916]
[4.68049783e-310 4.68049836e-310 4.68059087e-310], [90.82472896575928]
[4.68049783e-310 4.68049836e-310 4.68059087e-310], [90.96860933303833]
[4.68049783e-310 4.68049836e-310 4.68059087e-310], [91.09437108039856]
[4.68049783e-310 4.68049836e-310 4.68059087e-310], [91.21604824066162]
[4.68049783e-310 4.68049836e-310 4.68059087e-310], [91.34590601921082]
[4.68049783e-310 4.68049836e-310 4.68059087e-310], [91.47402000427246]
[4.68049783e-310 4.68049836e-310 4.68059087e-310], [91.59486484527588]
[4.68049783e-310 4.68049836e-310 4.68059087e-310], [91.71400785446167]
[4.68049783e-310 4.68049836e-310 4.68059087e-310], [91.85126733779907]
[4.68049783e-310 4.68049836e-310 4.68059087e-310], [91.96907091140747]
[4.68049783e-310 4.68049836e-310 4.68059087e-310], [92.0917136669159]
[4.68049783e-310 4.68049836e-310 4.68059087e-310], [92.2143166065216]
[4.68049783e-310 4.68049836e-310 4.68059087e-310], [92.34581303596497]
[4.68049783e-310 4.68049836e-310 4.68059087e-310], [92.48059105873108]
[4.68049783e-310 4.68049836e-310 4.68059087e-310], [92.60717797279358]
[4.68049783e-310 4.68049836e-310 4.68059087e-310], [92.72639989852905]
[4.68049783e-310 4.68049836e-310 4.68059087e-310], [92.85708451271057]
[4.68049783e-310 4.68049836e-310 4.68059087e-310], [92.97387647628784]
[4.68049783e-310 4.68049836e-310 4.68059087e-310], [93.10109233856201]
[4.68049783e-310 4.68049836e-310 4.68059087e-310], [93.2375156879425]
[4.68049783e-310 4.68049836e-310 4.68059087e-310], [93.38030052185059]
[4.68049783e-310 4.68049836e-310 4.68059087e-310], [93.51059436798096]
[4.68049783e-310 4.68049836e-310 4.68059087e-310], [93.63804244995117]
[4.68049783e-310 4.68049836e-310 4.68059087e-310], [93.75928330421448]
[4.68049783e-310 4.68049836e-310 4.68059087e-310], [93.8762743473053]
[4.68049783e-310 4.68049836e-310 4.68059087e-310], [94.03234028816223]
[4.68049783e-310 4.68049836e-310 4.68059087e-310], [94.16104030609131]
[4.68049783e-310 4.68049836e-310 4.68059087e-310], [94.28357076644897]
[4.68049783e-310 4.68049836e-310 4.68059087e-310], [94.4105761051178]
[4.68049783e-310 4.68049836e-310 4.68059087e-310], [94.55240511894226]
[4.68049783e-310 4.68049836e-310 4.68059087e-310], [94.67893981933594]
[4.68049783e-310 4.68049836e-310 4.68059087e-310], [94.8036527633667]
[4.68049783e-310 4.68049836e-310 4.68059087e-310], [94.92403435707092]
[4.68049783e-310 4.68049836e-310 4.68059087e-310], [95.04120635986328]
[4.68049783e-310 4.68049836e-310 4.68059087e-310], [95.15868830680847]
[4.68049783e-310 4.68049836e-310 4.68059087e-310], [95.28068566322327]
[4.68049783e-310 4.68049836e-310 4.68059087e-310], [95.40098118782043]
[4.68049783e-310 4.68049836e-310 4.68059087e-310], [95.521324634552]
[4.68049783e-310 4.68049836e-310 4.68059087e-310], [95.64278602600098]
[4.68049783e-310 4.68049836e-310 4.68059087e-310], [95.75823783874512]
[4.68049783e-310 4.68049836e-310 4.68059087e-310], [95.87576699256897]
[4.68049783e-310 4.68049836e-310 4.68059087e-310], [95.99315333366394]
[4.68049783e-310 4.68049836e-310 4.68059087e-310], [96.11797451972961]
[4.68049783e-310 4.68049836e-310 4.68059087e-310], [96.2440447807312]
[4.68049783e-310 4.68049836e-310 4.68059087e-310], [96.36645269393921]
[4.68049783e-310 4.68049836e-310 4.68059087e-310], [96.50235486030579]
[4.68049783e-310 4.68049836e-310 4.68059087e-310], [96.62145614624023]
[4.68049783e-310 4.68049836e-310 4.68059087e-310], [96.73942279815674]
[4.68049783e-310 4.68049836e-310 4.68059087e-310], [96.870849609375]
[4.68049783e-310 4.68049836e-310 4.68059087e-310], [97.01174855232239]
[4.68049783e-310 4.68049836e-310 4.68059087e-310], [97.1357409954071]
[4.68049783e-310 4.68049836e-310 4.68059087e-310], [97.26224994659424]
[4.68049783e-310 4.68049836e-310 4.68059087e-310], [97.40211129188538]
[4.68049783e-310 4.68049836e-310 4.68059087e-310], [97.53112578392029]
[4.68049783e-310 4.68049836e-310 4.68059087e-310], [97.65090012550354]
[4.68049783e-310 4.68049836e-310 4.68059087e-310], [97.76936650276184]
[4.68049783e-310 4.68049836e-310 4.68059087e-310], [97.89989995956421]
[4.68049783e-310 4.68049836e-310 4.68059087e-310], [98.03446292877197]
[4.68049783e-310 4.68049836e-310 4.68059087e-310], [98.1602098941803]
[4.68049783e-310 4.68049836e-310 4.68059087e-310], [98.29730081558228]
[4.68049783e-310 4.68049836e-310 4.68059087e-310], [98.41850733757019]
[4.68049783e-310 4.68049836e-310 4.68059087e-310], [98.54017663002014]
[4.68049783e-310 4.68049836e-310 4.68059087e-310], [98.68407797813416]
[4.68049783e-310 4.68049836e-310 4.68059087e-310], [98.81051850318909]
[4.68049783e-310 4.68049836e-310 4.68059087e-310], [98.93408989906311]
[4.68049783e-310 4.68049836e-310 4.68059087e-310], [99.05965781211853]
[4.68049783e-310 4.68049836e-310 4.68059087e-310], [99.19123554229736]
[4.68049783e-310 4.68049836e-310 4.68059087e-310], [99.31083130836487]
[4.68049783e-310 4.68049836e-310 4.68059087e-310], [99.42666220664978]
[4.68049783e-310 4.68049836e-310 4.68059087e-310], [99.54810452461243]
[4.68049783e-310 4.68049836e-310 4.68059087e-310], [99.66421604156494]
[4.68049783e-310 4.68049836e-310 4.68059087e-310], [99.80085563659668]
[4.68049783e-310 4.68049836e-310 4.68059087e-310], [99.92984199523926]
[4.68049783e-310 4.68049836e-310 4.68059087e-310], [100.04837036132812]
[4.68049783e-310 4.68049836e-310 4.68059087e-310], [100.16632390022278]
[4.68049783e-310 4.68049836e-310 4.68059087e-310], [100.28820061683655]
[4.68049783e-310 4.68049836e-310 4.68059087e-310], [100.41531014442444]
[4.68049783e-310 4.68049836e-310 4.68059087e-310], [100.53990721702576]
[4.68049783e-310 4.68049836e-310 4.68059087e-310], [100.66606664657593]
[4.68049783e-310 4.68049836e-310 4.68059087e-310], [100.79747557640076]
[4.68049783e-310 4.68049836e-310 4.68059087e-310], [100.93444514274597]
[4.68049783e-310 4.68049836e-310 4.68059087e-310], [101.07126379013062]
[4.68049783e-310 4.68049836e-310 4.68059087e-310], [101.19796442985535]
[4.68049783e-310 4.68049836e-310 4.68059087e-310], [101.32179641723633]
[4.68049783e-310 4.68049836e-310 4.68059087e-310], [101.44693636894226]
[4.68049783e-310 4.68049836e-310 4.68059087e-310], [101.58346962928772]
[4.68049783e-310 4.68049836e-310 4.68059087e-310], [101.71729683876038]
[4.68049783e-310 4.68049836e-310 4.68059087e-310], [101.83682107925415]
[4.68049783e-310 4.68049836e-310 4.68059087e-310], [101.97500562667847]
[4.68049783e-310 4.68049836e-310 4.68059087e-310], [102.1071789264679]
[4.68049783e-310 4.68049836e-310 4.68059087e-310], [102.24786710739136]
[4.68049783e-310 4.68049836e-310 4.68059087e-310], [102.37060904502869]
[4.68049783e-310 4.68049836e-310 4.68059087e-310], [102.48759937286377]
[4.68049783e-310 4.68049836e-310 4.68059087e-310], [102.61692595481873]
[4.68049783e-310 4.68049836e-310 4.68059087e-310], [102.74105596542358]
[4.68049783e-310 4.68049836e-310 4.68059087e-310], [102.87101769447327]
[4.68049783e-310 4.68049836e-310 4.68059087e-310], [102.99650835990906]
[4.68049783e-310 4.68049836e-310 4.68059087e-310], [103.12124848365784]
[4.68049783e-310 4.68049836e-310 4.68059087e-310], [103.2538468837738]
[4.68049783e-310 4.68049836e-310 4.68059087e-310], [103.37806868553162]
[4.68049783e-310 4.68049836e-310 4.68059087e-310], [103.50024080276489]
[4.68049783e-310 4.68049836e-310 4.68059087e-310], [103.62131762504578]
[4.68049783e-310 4.68049836e-310 4.68059087e-310], [103.74995112419128]
[4.68049783e-310 4.68049836e-310 4.68059087e-310], [103.87135219573975]
[4.68049783e-310 4.68049836e-310 4.68059087e-310], [104.00592184066772]
[4.68049783e-310 4.68049836e-310 4.68059087e-310], [104.12330412864685]
[4.68049783e-310 4.68049836e-310 4.68059087e-310], [104.246018409729]
[4.68049783e-310 4.68049836e-310 4.68059087e-310], [104.36604595184326]
[4.68049783e-310 4.68049836e-310 4.68059087e-310], [104.48155665397644]
[4.68049783e-310 4.68049836e-310 4.68059087e-310], [104.60747790336609]
[4.68049783e-310 4.68049836e-310 4.68059087e-310], [104.73012232780457]
[4.68049783e-310 4.68049836e-310 4.68059087e-310], [104.84831237792969]
[4.68049783e-310 4.68049836e-310 4.68059087e-310], [104.96952319145203]
[4.68049783e-310 4.68049836e-310 4.68059087e-310], [105.09008932113647]
[4.68049783e-310 4.68049836e-310 4.68059087e-310], [105.21388220787048]
[4.68049783e-310 4.68049836e-310 4.68059087e-310], [105.33501291275024]
[4.68049783e-310 4.68049836e-310 4.68059087e-310], [105.46094489097595]
[4.68049783e-310 4.68049836e-310 4.68059087e-310], [105.5947437286377]
[4.68049783e-310 4.68049836e-310 4.68059087e-310], [105.71908664703369]
[4.68049783e-310 4.68049836e-310 4.68059087e-310], [105.84472393989563]
[4.68049783e-310 4.68049836e-310 4.68059087e-310], [105.97664093971252]
[4.68049783e-310 4.68049836e-310 4.68059087e-310], [106.10375118255615]
[4.68049783e-310 4.68049836e-310 4.68059087e-310], [106.22102046012878]
[4.68049783e-310 4.68049836e-310 4.68059087e-310], [106.33561038970947]
[4.68049783e-310 4.68049836e-310 4.68059087e-310], [106.46035361289978]
[4.68049783e-310 4.68049836e-310 4.68059087e-310], [106.58359622955322]
[4.68049783e-310 4.68049836e-310 4.68059087e-310], [106.70174217224121]
[4.68049783e-310 4.68049836e-310 4.68059087e-310], [106.83910751342773]
[4.68049783e-310 4.68049836e-310 4.68059087e-310], [106.96966004371643]
[4.68049783e-310 4.68049836e-310 4.68059087e-310], [107.09412050247192]
[4.68049783e-310 4.68049836e-310 4.68059087e-310], [107.22354745864868]
[4.68049783e-310 4.68049836e-310 4.68059087e-310], [107.34644985198975]
[4.68049783e-310 4.68049836e-310 4.68059087e-310], [107.46958661079407]
[4.68049783e-310 4.68049836e-310 4.68059087e-310], [107.59868168830872]
[4.68049783e-310 4.68049836e-310 4.68059087e-310], [107.71644902229309]
[4.68049783e-310 4.68049836e-310 4.68059087e-310], [107.84112548828125]
[4.68049783e-310 4.68049836e-310 4.68059087e-310], [107.96281957626343]
[4.68049783e-310 4.68049836e-310 4.68059087e-310], [108.10018277168274]
[4.68049783e-310 4.68049836e-310 4.68059087e-310], [108.2275640964508]
[4.68049783e-310 4.68049836e-310 4.68059087e-310], [108.3508689403534]
[4.68049783e-310 4.68049836e-310 4.68059087e-310], [108.48238968849182]
[4.68049783e-310 4.68049836e-310 4.68059087e-310], [108.603586435318]
[4.68049783e-310 4.68049836e-310 4.68059087e-310], [108.73139977455139]
[4.68049783e-310 4.68049836e-310 4.68059087e-310], [108.86442756652832]
[4.68049783e-310 4.68049836e-310 4.68059087e-310], [108.98587322235107]
[4.68049783e-310 4.68049836e-310 4.68059087e-310], [109.12101888656616]
[4.68049783e-310 4.68049836e-310 4.68059087e-310], [109.24799227714539]
[4.68049783e-310 4.68049836e-310 4.68059087e-310], [109.36650156974792]
[4.68049783e-310 4.68049836e-310 4.68059087e-310], [109.49359965324402]
[4.68049783e-310 4.68049836e-310 4.68059087e-310], [109.6353223323822]
[4.68049783e-310 4.68049836e-310 4.68059087e-310], [109.7633626461029]
[4.68049783e-310 4.68049836e-310 4.68059087e-310], [109.89134740829468]
[4.68049783e-310 4.68049836e-310 4.68059087e-310], [110.00796008110046]
[4.68049783e-310 4.68049836e-310 4.68059087e-310], [110.13190770149231]
[4.68049783e-310 4.68049836e-310 4.68059087e-310], [110.25176954269409]
[4.68049783e-310 4.68049836e-310 4.68059087e-310], [110.37761092185974]
[4.68049783e-310 4.68049836e-310 4.68059087e-310], [110.52238869667053]
[4.68049783e-310 4.68049836e-310 4.68059087e-310], [110.65625524520874]
[4.68049783e-310 4.68049836e-310 4.68059087e-310], [110.78242993354797]
[4.68049783e-310 4.68049836e-310 4.68059087e-310], [110.91723394393921]
[4.68049783e-310 4.68049836e-310 4.68059087e-310], [111.0478265285492]
[4.68049783e-310 4.68049836e-310 4.68059087e-310], [111.1955304145813]
[4.68049783e-310 4.68049836e-310 4.68059087e-310], [111.3107340335846]
[4.68049783e-310 4.68049836e-310 4.68059087e-310], [111.43103957176208]
[4.68049783e-310 4.68049836e-310 4.68059087e-310], [111.56101870536804]
[4.68049783e-310 4.68049836e-310 4.68059087e-310], [111.69425106048584]
[4.68049783e-310 4.68049836e-310 4.68059087e-310], [111.82792735099792]
[4.68049783e-310 4.68049836e-310 4.68059087e-310], [111.96288275718689]
[4.68049783e-310 4.68049836e-310 4.68059087e-310], [112.09827256202698]
[4.68049783e-310 4.68049836e-310 4.68059087e-310], [112.22435855865479]
[4.68049783e-310 4.68049836e-310 4.68059087e-310], [112.36141037940979]
[4.68049783e-310 4.68049836e-310 4.68059087e-310], [112.48698616027832]
[4.68049783e-310 4.68049836e-310 4.68059087e-310], [112.61021208763123]
[4.68049783e-310 4.68049836e-310 4.68059087e-310], [112.73054957389832]
[4.68049783e-310 4.68049836e-310 4.68059087e-310], [112.85394048690796]
[4.68049783e-310 4.68049836e-310 4.68059087e-310], [112.98338532447815]
[4.68049783e-310 4.68049836e-310 4.68059087e-310], [113.10985374450684]
[4.68049783e-310 4.68049836e-310 4.68059087e-310], [113.2290186882019]
[4.68049783e-310 4.68049836e-310 4.68059087e-310], [113.3537266254425]
[4.68049783e-310 4.68049836e-310 4.68059087e-310], [113.4818389415741]
[4.68049783e-310 4.68049836e-310 4.68059087e-310], [113.60460901260376]
[4.68049783e-310 4.68049836e-310 4.68059087e-310], [113.73201036453247]
[4.68049783e-310 4.68049836e-310 4.68059087e-310], [113.85244059562683]
[4.68049783e-310 4.68049836e-310 4.68059087e-310], [113.98230004310608]
[4.68049783e-310 4.68049836e-310 4.68059087e-310], [114.13448405265808]
[4.68049783e-310 4.68049836e-310 4.68059087e-310], [114.25853300094604]
[4.68049783e-310 4.68049836e-310 4.68059087e-310], [114.38123822212219]
[4.68049783e-310 4.68049836e-310 4.68059087e-310], [114.50120949745178]
[4.68049783e-310 4.68049836e-310 4.68059087e-310], [114.64085030555725]
[4.68049783e-310 4.68049836e-310 4.68059087e-310], [114.7653648853302]
[4.68049783e-310 4.68049836e-310 4.68059087e-310], [114.88466763496399]
[4.68049783e-310 4.68049836e-310 4.68059087e-310], [115.00365686416626]
[4.68049783e-310 4.68049836e-310 4.68059087e-310], [115.13344931602478]
[4.68049783e-310 4.68049836e-310 4.68059087e-310], [115.25148129463196]
[4.68049783e-310 4.68049836e-310 4.68059087e-310], [115.38173961639404]
[4.68049783e-310 4.68049836e-310 4.68059087e-310], [115.50754022598267]
[4.68049783e-310 4.68049836e-310 4.68059087e-310], [115.62645745277405]
[4.68049783e-310 4.68049836e-310 4.68059087e-310], [115.75532341003418]
[4.68049783e-310 4.68049836e-310 4.68059087e-310], [115.88940501213074]
[4.68049783e-310 4.68049836e-310 4.68059087e-310], [116.01302456855774]
[4.68049783e-310 4.68049836e-310 4.68059087e-310], [116.18343138694763]
[4.68049783e-310 4.68049836e-310 4.68059087e-310], [116.30196213722229]
[4.68049783e-310 4.68049836e-310 4.68059087e-310], [116.42346572875977]
[4.68049783e-310 4.68049836e-310 4.68059087e-310], [116.57859778404236]
[4.68049783e-310 4.68049836e-310 4.68059087e-310], [116.70604205131531]
[4.68049783e-310 4.68049836e-310 4.68059087e-310], [116.82390141487122]
[4.68049783e-310 4.68049836e-310 4.68059087e-310], [116.9704339504242]
[4.68049783e-310 4.68049836e-310 4.68059087e-310], [117.09193897247314]
[4.68049783e-310 4.68049836e-310 4.68059087e-310], [117.21013355255127]
[4.68049783e-310 4.68049836e-310 4.68059087e-310], [117.33026766777039]
[4.68049783e-310 4.68049836e-310 4.68059087e-310], [117.46095538139343]
[4.68049783e-310 4.68049836e-310 4.68059087e-310], [117.60611820220947]
[4.68049783e-310 4.68049836e-310 4.68059087e-310], [117.7305703163147]
[4.68049783e-310 4.68049836e-310 4.68059087e-310], [117.86286687850952]
[4.68049783e-310 4.68049836e-310 4.68059087e-310], [117.9857726097107]
[4.68049783e-310 4.68049836e-310 4.68059087e-310], [118.10779929161072]
[4.68049783e-310 4.68049836e-310 4.68059087e-310], [118.22638845443726]
[4.68049783e-310 4.68049836e-310 4.68059087e-310], [118.34516859054565]
[4.68049783e-310 4.68049836e-310 4.68059087e-310], [118.46112203598022]
[4.68049783e-310 4.68049836e-310 4.68059087e-310], [118.58356165885925]
[4.68049783e-310 4.68049836e-310 4.68059087e-310], [118.71081948280334]
[4.68049783e-310 4.68049836e-310 4.68059087e-310], [118.83729195594788]
[4.68049783e-310 4.68049836e-310 4.68059087e-310], [118.96385908126831]
[4.68049783e-310 4.68049836e-310 4.68059087e-310], [119.08734846115112]
[4.68049783e-310 4.68049836e-310 4.68059087e-310], [119.21456265449524]
[4.68049783e-310 4.68049836e-310 4.68059087e-310], [119.34123873710632]
[4.68049783e-310 4.68049836e-310 4.68059087e-310], [119.46968293190002]
[4.68049783e-310 4.68049836e-310 4.68059087e-310], [119.59128165245056]
[4.68049783e-310 4.68049836e-310 4.68059087e-310], [119.71427655220032]
[4.68049783e-310 4.68049836e-310 4.68059087e-310], [119.8340151309967]
[4.68049783e-310 4.68049836e-310 4.68059087e-310], [119.95537638664246]
[4.68049783e-310 4.68049836e-310 4.68059087e-310], [120.08511328697205]
[4.68049783e-310 4.68049836e-310 4.68059087e-310], [120.20617771148682]
[4.68049783e-310 4.68049836e-310 4.68059087e-310], [120.32330989837646]
[4.68049783e-310 4.68049836e-310 4.68059087e-310], [120.44983744621277]
[4.68049783e-310 4.68049836e-310 4.68059087e-310], [120.57756733894348]
[4.68049783e-310 4.68049836e-310 4.68059087e-310], [120.69945406913757]
[4.68049783e-310 4.68049836e-310 4.68059087e-310], [120.82036352157593]
[4.68049783e-310 4.68049836e-310 4.68059087e-310], [120.9564254283905]
[4.68049783e-310 4.68049836e-310 4.68059087e-310], [121.07680916786194]
[4.68049783e-310 4.68049836e-310 4.68059087e-310], [121.21010398864746]
[4.68049783e-310 4.68049836e-310 4.68059087e-310], [121.33378148078918]
[4.68049783e-310 4.68049836e-310 4.68059087e-310], [121.46128058433533]
[4.68049783e-310 4.68049836e-310 4.68059087e-310], [121.58944129943848]
[4.68049783e-310 4.68049836e-310 4.68059087e-310], [121.71307158470154]
[4.68049783e-310 4.68049836e-310 4.68059087e-310], [121.83501410484314]
[4.68049783e-310 4.68049836e-310 4.68059087e-310], [121.95680642127991]
[4.68049783e-310 4.68049836e-310 4.68059087e-310], [122.07417225837708]
[4.68049783e-310 4.68049836e-310 4.68059087e-310], [122.20051598548889]
[4.68049783e-310 4.68049836e-310 4.68059087e-310], [122.32095289230347]
[4.68049783e-310 4.68049836e-310 4.68059087e-310], [122.44004797935486]
[4.68049783e-310 4.68049836e-310 4.68059087e-310], [122.5730767250061]
[4.68049783e-310 4.68049836e-310 4.68059087e-310], [122.70011305809021]
[4.68049783e-310 4.68049836e-310 4.68059087e-310], [122.82643389701843]
[4.68049783e-310 4.68049836e-310 4.68059087e-310], [122.95284104347229]
[4.68049783e-310 4.68049836e-310 4.68059087e-310], [123.08097100257874]
[4.68049783e-310 4.68049836e-310 4.68059087e-310], [123.21002745628357]
[4.68049783e-310 4.68049836e-310 4.68059087e-310], [123.33288025856018]
[4.68049783e-310 4.68049836e-310 4.68059087e-310], [123.46257328987122]
[4.68049783e-310 4.68049836e-310 4.68059087e-310], [123.59198474884033]
[4.68049783e-310 4.68049836e-310 4.68059087e-310], [123.71265244483948]
[4.68049783e-310 4.68049836e-310 4.68059087e-310], [123.83619856834412]
[4.68049783e-310 4.68049836e-310 4.68059087e-310], [123.9612181186676]
[4.68049783e-310 4.68049836e-310 4.68059087e-310], [124.08343744277954]
[4.68049783e-310 4.68049836e-310 4.68059087e-310], [124.2086181640625]
[4.68049783e-310 4.68049836e-310 4.68059087e-310], [124.33574414253235]
[4.68049783e-310 4.68049836e-310 4.68059087e-310], [124.47385954856873]
[4.68049783e-310 4.68049836e-310 4.68059087e-310], [124.61282467842102]
[4.68049783e-310 4.68049836e-310 4.68059087e-310], [124.73829078674316]
[4.68049783e-310 4.68049836e-310 4.68059087e-310], [124.86115002632141]
[4.68049783e-310 4.68049836e-310 4.68059087e-310], [124.988205909729]
[4.68049783e-310 4.68049836e-310 4.68059087e-310], [125.11470460891724]
[4.68049783e-310 4.68049836e-310 4.68059087e-310], [125.23822784423828]
[4.68049783e-310 4.68049836e-310 4.68059087e-310], [125.36452436447144]
[4.68049783e-310 4.68049836e-310 4.68059087e-310], [125.48362874984741]
[4.68049783e-310 4.68049836e-310 4.68059087e-310], [125.60761642456055]
[4.68049783e-310 4.68049836e-310 4.68059087e-310], [125.73092532157898]
[4.68049783e-310 4.68049836e-310 4.68059087e-310], [125.86316680908203]
[4.68049783e-310 4.68049836e-310 4.68059087e-310], [125.99111795425415]
[4.68049783e-310 4.68049836e-310 4.68059087e-310], [126.10985255241394]
[4.68049783e-310 4.68049836e-310 4.68059087e-310], [126.23304009437561]
[4.68049783e-310 4.68049836e-310 4.68059087e-310], [126.35566401481628]
[4.68049783e-310 4.68049836e-310 4.68059087e-310], [126.48895120620728]
[4.68049783e-310 4.68049836e-310 4.68059087e-310], [126.62722420692444]
[4.68049783e-310 4.68049836e-310 4.68059087e-310], [126.75325322151184]
[4.68049783e-310 4.68049836e-310 4.68059087e-310], [126.87822604179382]
[4.68049783e-310 4.68049836e-310 4.68059087e-310], [127.00292682647705]
[4.68049783e-310 4.68049836e-310 4.68059087e-310], [127.12956023216248]
[4.68049783e-310 4.68049836e-310 4.68059087e-310], [127.24943828582764]
[4.68049783e-310 4.68049836e-310 4.68059087e-310], [127.36581468582153]
[4.68049783e-310 4.68049836e-310 4.68059087e-310], [127.48831558227539]
[4.68049783e-310 4.68049836e-310 4.68059087e-310], [127.6052258014679]
[4.68049783e-310 4.68049836e-310 4.68059087e-310], [127.7224395275116]
[4.68049783e-310 4.68049836e-310 4.68059087e-310], [127.85072088241577]
[4.68049783e-310 4.68049836e-310 4.68059087e-310], [128.0153317451477]
[4.68049783e-310 4.68049836e-310 4.68059087e-310], [128.1587209701538]
[4.68049783e-310 4.68049836e-310 4.68059087e-310], [128.29725885391235]
[4.68049783e-310 4.68049836e-310 4.68059087e-310], [128.4423062801361]
[4.68049783e-310 4.68049836e-310 4.68059087e-310], [128.5735297203064]
[4.68049783e-310 4.68049836e-310 4.68059087e-310], [128.69610404968262]
[4.68049783e-310 4.68049836e-310 4.68059087e-310], [128.82244896888733]
[4.68049783e-310 4.68049836e-310 4.68059087e-310], [128.94222331047058]
[4.68049783e-310 4.68049836e-310 4.68059087e-310], [129.06768703460693]
[4.68049783e-310 4.68049836e-310 4.68059087e-310], [129.19813561439514]
[4.68049783e-310 4.68049836e-310 4.68059087e-310], [129.32701301574707]
[4.68049783e-310 4.68049836e-310 4.68059087e-310], [129.4625198841095]
[4.68049783e-310 4.68049836e-310 4.68059087e-310], [129.58619332313538]
[4.68049783e-310 4.68049836e-310 4.68059087e-310], [129.71109795570374]
[4.68049783e-310 4.68049836e-310 4.68059087e-310], [129.85234427452087]
[4.68049783e-310 4.68049836e-310 4.68059087e-310], [129.98969197273254]
[4.68049783e-310 4.68049836e-310 4.68059087e-310], [130.11533188819885]
[4.68049783e-310 4.68049836e-310 4.68059087e-310], [130.2504825592041]
[4.68049783e-310 4.68049836e-310 4.68059087e-310], [130.3892548084259]
[4.68049783e-310 4.68049836e-310 4.68059087e-310], [130.52455472946167]
[4.68049783e-310 4.68049836e-310 4.68059087e-310], [130.65902853012085]
[4.68049783e-310 4.68049836e-310 4.68059087e-310], [130.78782987594604]
[4.68049783e-310 4.68049836e-310 4.68059087e-310], [130.94519877433777]
[4.68049783e-310 4.68049836e-310 4.68059087e-310], [131.09645295143127]
[4.68049783e-310 4.68049836e-310 4.68059087e-310], [131.2541048526764]
[4.68049783e-310 4.68049836e-310 4.68059087e-310], [131.40212512016296]
[4.68049783e-310 4.68049836e-310 4.68059087e-310], [131.55846738815308]
[4.68049783e-310 4.68049836e-310 4.68059087e-310], [131.70735001564026]
[4.68049783e-310 4.68049836e-310 4.68059087e-310], [131.87558245658875]
[4.68049783e-310 4.68049836e-310 4.68059087e-310], [132.0274577140808]
[4.68049783e-310 4.68049836e-310 4.68059087e-310], [132.17431211471558]
[4.68049783e-310 4.68049836e-310 4.68059087e-310], [132.32744646072388]
[4.68049783e-310 4.68049836e-310 4.68059087e-310], [132.44692134857178]
[4.68049783e-310 4.68049836e-310 4.68059087e-310], [132.5990924835205]
[4.68049783e-310 4.68049836e-310 4.68059087e-310], [132.74702763557434]
[4.68049783e-310 4.68049836e-310 4.68059087e-310], [132.88105010986328]
[4.68049783e-310 4.68049836e-310 4.68059087e-310], [133.01531338691711]
[4.68049783e-310 4.68049836e-310 4.68059087e-310], [133.139808177948]
[4.68049783e-310 4.68049836e-310 4.68059087e-310], [133.29258489608765]
[4.68049783e-310 4.68049836e-310 4.68059087e-310], [133.43761372566223]
[4.68049783e-310 4.68049836e-310 4.68059087e-310], [133.57418131828308]
[4.68049783e-310 4.68049836e-310 4.68059087e-310], [133.73517727851868]
[4.68049783e-310 4.68049836e-310 4.68059087e-310], [133.86822175979614]
[4.68049783e-310 4.68049836e-310 4.68059087e-310], [133.9845790863037]
[4.68049783e-310 4.68049836e-310 4.68059087e-310], [134.0998604297638]
[4.68049783e-310 4.68049836e-310 4.68059087e-310], [134.2266662120819]
[4.68049783e-310 4.68049836e-310 4.68059087e-310], [134.34574604034424]
[4.68049783e-310 4.68049836e-310 4.68059087e-310], [134.46485114097595]
[4.68049783e-310 4.68049836e-310 4.68059087e-310], [134.5860345363617]
[4.68049783e-310 4.68049836e-310 4.68059087e-310], [134.70953369140625]
[4.68049783e-310 4.68049836e-310 4.68059087e-310], [134.82778668403625]
[4.68049783e-310 4.68049836e-310 4.68059087e-310], [134.96067476272583]
[4.68049783e-310 4.68049836e-310 4.68059087e-310], [135.08073949813843]
[4.68049783e-310 4.68049836e-310 4.68059087e-310], [135.20038151741028]
[4.68049783e-310 4.68049836e-310 4.68059087e-310], [135.31838369369507]
[4.68049783e-310 4.68049836e-310 4.68059087e-310], [135.43709325790405]
[4.68049783e-310 4.68049836e-310 4.68059087e-310], [135.55698204040527]
[4.68049783e-310 4.68049836e-310 4.68059087e-310], [135.67880725860596]
[4.68049783e-310 4.68049836e-310 4.68059087e-310], [135.81578588485718]
[4.68049783e-310 4.68049836e-310 4.68059087e-310], [135.94623064994812]
[4.68049783e-310 4.68049836e-310 4.68059087e-310], [136.10932755470276]
[4.68049783e-310 4.68049836e-310 4.68059087e-310], [136.2741231918335]
[4.68049783e-310 4.68049836e-310 4.68059087e-310], [136.4172637462616]
[4.68049783e-310 4.68049836e-310 4.68059087e-310], [136.54955172538757]
[4.68049783e-310 4.68049836e-310 4.68059087e-310], [136.6739809513092]
[4.68049783e-310 4.68049836e-310 4.68059087e-310], [136.8340699672699]
[4.68049783e-310 4.68049836e-310 4.68059087e-310], [136.96901035308838]
[4.68049783e-310 4.68049836e-310 4.68059087e-310], [137.09113264083862]
[4.68049783e-310 4.68049836e-310 4.68059087e-310], [137.2201623916626]
[4.68049783e-310 4.68049836e-310 4.68059087e-310], [137.33815550804138]
[4.68049783e-310 4.68049836e-310 4.68059087e-310], [137.4889690876007]
[4.68049783e-310 4.68049836e-310 4.68059087e-310], [137.6424961090088]
[4.68049783e-310 4.68049836e-310 4.68059087e-310], [137.79309105873108]
[4.68049783e-310 4.68049836e-310 4.68059087e-310], [137.9403645992279]
[4.68049783e-310 4.68049836e-310 4.68059087e-310], [138.06829595565796]
[4.68049783e-310 4.68049836e-310 4.68059087e-310], [138.20108699798584]
[4.68049783e-310 4.68049836e-310 4.68059087e-310], [138.36457419395447]
[4.68049783e-310 4.68049836e-310 4.68059087e-310], [138.5027985572815]
[4.68049783e-310 4.68049836e-310 4.68059087e-310], [138.62092566490173]
[4.68049783e-310 4.68049836e-310 4.68059087e-310], [138.76879620552063]
[4.68049783e-310 4.68049836e-310 4.68059087e-310], [138.933363199234]
[4.68049783e-310 4.68049836e-310 4.68059087e-310], [139.07982563972473]
[4.68049783e-310 4.68049836e-310 4.68059087e-310], [139.20158100128174]
[4.68049783e-310 4.68049836e-310 4.68059087e-310], [139.32236194610596]
[4.68049783e-310 4.68049836e-310 4.68059087e-310], [139.4494652748108]
[4.68049783e-310 4.68049836e-310 4.68059087e-310], [139.6065137386322]
[4.68049783e-310 4.68049836e-310 4.68059087e-310], [139.72177457809448]
[4.68049783e-310 4.68049836e-310 4.68059087e-310], [139.84351634979248]
[4.68049783e-310 4.68049836e-310 4.68059087e-310], [139.97579765319824]
[4.68049783e-310 4.68049836e-310 4.68059087e-310], [140.10857701301575]
[4.68049783e-310 4.68049836e-310 4.68059087e-310], [140.22849106788635]
[4.68049783e-310 4.68049836e-310 4.68059087e-310], [140.34377431869507]
[4.68049783e-310 4.68049836e-310 4.68059087e-310], [140.4646394252777]
[4.68049783e-310 4.68049836e-310 4.68059087e-310], [140.5830316543579]
[4.68049783e-310 4.68049836e-310 4.68059087e-310], [140.70217156410217]
[4.68049783e-310 4.68049836e-310 4.68059087e-310], [140.82250428199768]
[4.68049783e-310 4.68049836e-310 4.68059087e-310], [140.94855856895447]
[4.68049783e-310 4.68049836e-310 4.68059087e-310], [141.07384276390076]
[4.68049783e-310 4.68049836e-310 4.68059087e-310], [141.21108722686768]
[4.68049783e-310 4.68049836e-310 4.68059087e-310], [141.3495955467224]
[4.68049783e-310 4.68049836e-310 4.68059087e-310], [141.47517561912537]
[4.68049783e-310 4.68049836e-310 4.68059087e-310], [141.5951635837555]
[4.68049783e-310 4.68049836e-310 4.68059087e-310], [141.72451519966125]
[4.68049783e-310 4.68049836e-310 4.68059087e-310], [141.85880088806152]
[4.68049783e-310 4.68049836e-310 4.68059087e-310], [141.98126745224]
[4.68049783e-310 4.68049836e-310 4.68059087e-310], [142.1161186695099]
[4.68049783e-310 4.68049836e-310 4.68059087e-310], [142.23150372505188]
[4.68049783e-310 4.68049836e-310 4.68059087e-310], [142.35071539878845]
[4.68049783e-310 4.68049836e-310 4.68059087e-310], [142.47090482711792]
[4.68049783e-310 4.68049836e-310 4.68059087e-310], [142.60466241836548]
[4.68049783e-310 4.68049836e-310 4.68059087e-310], [142.72936034202576]
[4.68049783e-310 4.68049836e-310 4.68059087e-310], [142.85438418388367]
[4.68049783e-310 4.68049836e-310 4.68059087e-310], [142.9784870147705]
[4.68049783e-310 4.68049836e-310 4.68059087e-310], [143.10036516189575]
[4.68049783e-310 4.68049836e-310 4.68059087e-310], [143.21995782852173]
[4.68049783e-310 4.68049836e-310 4.68059087e-310], [143.35646557807922]
[4.68049783e-310 4.68049836e-310 4.68059087e-310], [143.4734172821045]
[4.68049783e-310 4.68049836e-310 4.68059087e-310], [143.62515354156494]
[4.68049783e-310 4.68049836e-310 4.68059087e-310], [143.75233793258667]
[4.68049783e-310 4.68049836e-310 4.68059087e-310], [143.87224459648132]
[4.68049783e-310 4.68049836e-310 4.68059087e-310], [143.99666023254395]
[4.68049783e-310 4.68049836e-310 4.68059087e-310], [144.12775778770447]
[4.68049783e-310 4.68049836e-310 4.68059087e-310], [144.2615306377411]
[4.68049783e-310 4.68049836e-310 4.68059087e-310], [144.39453148841858]
[4.68049783e-310 4.68049836e-310 4.68059087e-310], [144.51401543617249]
[4.68049783e-310 4.68049836e-310 4.68059087e-310], [144.63734436035156]
[4.68049783e-310 4.68049836e-310 4.68059087e-310], [144.7663230895996]
[4.68049783e-310 4.68049836e-310 4.68059087e-310], [144.8873634338379]
[4.68049783e-310 4.68049836e-310 4.68059087e-310], [145.01523423194885]
[4.68049783e-310 4.68049836e-310 4.68059087e-310], [145.14852738380432]
[4.68049783e-310 4.68049836e-310 4.68059087e-310], [145.29111123085022]
[4.68049783e-310 4.68049836e-310 4.68059087e-310], [145.42012882232666]
[4.68049783e-310 4.68049836e-310 4.68059087e-310], [145.5816581249237]
[4.68049783e-310 4.68049836e-310 4.68059087e-310], [145.7287666797638]
[4.68049783e-310 4.68049836e-310 4.68059087e-310], [145.85714554786682]
[4.68049783e-310 4.68049836e-310 4.68059087e-310], [145.9855146408081]
[4.68049783e-310 4.68049836e-310 4.68059087e-310], [146.1137340068817]
[4.68049783e-310 4.68049836e-310 4.68059087e-310], [146.24373245239258]
[4.68049783e-310 4.68049836e-310 4.68059087e-310], [146.3762755393982]
[4.68049783e-310 4.68049836e-310 4.68059087e-310], [146.49208045005798]
[4.68049783e-310 4.68049836e-310 4.68059087e-310], [146.609277009964]
[4.68049783e-310 4.68049836e-310 4.68059087e-310], [146.732337474823]
[4.68049783e-310 4.68049836e-310 4.68059087e-310], [146.8610806465149]
[4.68049783e-310 4.68049836e-310 4.68059087e-310], [146.99319219589233]
[4.68049783e-310 4.68049836e-310 4.68059087e-310], [147.1116328239441]
[4.68049783e-310 4.68049836e-310 4.68059087e-310], [147.23189234733582]
[4.68049783e-310 4.68049836e-310 4.68059087e-310], [147.34857487678528]
[4.68049783e-310 4.68049836e-310 4.68059087e-310], [147.46736526489258]
[4.68049783e-310 4.68049836e-310 4.68059087e-310], [147.61806225776672]
[4.68049783e-310 4.68049836e-310 4.68059087e-310], [147.7377004623413]
[4.68049783e-310 4.68049836e-310 4.68059087e-310], [147.8637592792511]
[4.68049783e-310 4.68049836e-310 4.68059087e-310], [147.9911196231842]
[4.68049783e-310 4.68049836e-310 4.68059087e-310], [148.1066710948944]
[4.68049783e-310 4.68049836e-310 4.68059087e-310], [148.22854161262512]
[4.68049783e-310 4.68049836e-310 4.68059087e-310], [148.3428921699524]
[4.68049783e-310 4.68049836e-310 4.68059087e-310], [148.46048831939697]
[4.68049783e-310 4.68049836e-310 4.68059087e-310], [148.58582639694214]
[4.68049783e-310 4.68049836e-310 4.68059087e-310], [148.72218537330627]
[4.68049783e-310 4.68049836e-310 4.68059087e-310], [148.85562205314636]
[4.68049783e-310 4.68049836e-310 4.68059087e-310], [148.97451210021973]
[4.68049783e-310 4.68049836e-310 4.68059087e-310], [149.0971975326538]
[4.68049783e-310 4.68049836e-310 4.68059087e-310], [149.2230315208435]
[4.68049783e-310 4.68049836e-310 4.68059087e-310], [149.34610891342163]
[4.68049783e-310 4.68049836e-310 4.68059087e-310], [149.4663689136505]
[4.68049783e-310 4.68049836e-310 4.68059087e-310], [149.59103727340698]
[4.68049783e-310 4.68049836e-310 4.68059087e-310], [149.71435689926147]
[4.68049783e-310 4.68049836e-310 4.68059087e-310], [149.83240056037903]
[4.68049783e-310 4.68049836e-310 4.68059087e-310], [149.95718836784363]
[4.68049783e-310 4.68049836e-310 4.68059087e-310], [150.07538890838623]
[4.68049783e-310 4.68049836e-310 4.68059087e-310], [150.19872283935547]
[4.68049783e-310 4.68049836e-310 4.68059087e-310], [150.319020986557]
[4.68049783e-310 4.68049836e-310 4.68059087e-310], [150.44518375396729]
[4.68049783e-310 4.68049836e-310 4.68059087e-310], [150.58933401107788]
[4.68049783e-310 4.68049836e-310 4.68059087e-310], [150.71993589401245]
[4.68049783e-310 4.68049836e-310 4.68059087e-310], [150.86297988891602]
[4.68049783e-310 4.68049836e-310 4.68059087e-310], [151.02006340026855]
[4.68049783e-310 4.68049836e-310 4.68059087e-310], [151.14454627037048]
[4.68049783e-310 4.68049836e-310 4.68059087e-310], [151.26295113563538]
[4.68049783e-310 4.68049836e-310 4.68059087e-310], [151.39526438713074]
[4.68049783e-310 4.68049836e-310 4.68059087e-310], [151.52115607261658]
[4.68049783e-310 4.68049836e-310 4.68059087e-310], [151.66207456588745]
[4.68049783e-310 4.68049836e-310 4.68059087e-310], [151.78629779815674]
[4.68049783e-310 4.68049836e-310 4.68059087e-310], [151.9117181301117]
[4.68049783e-310 4.68049836e-310 4.68059087e-310], [152.0313160419464]
[4.68049783e-310 4.68049836e-310 4.68059087e-310], [152.16254091262817]
[4.68049783e-310 4.68049836e-310 4.68059087e-310], [152.28309631347656]
[4.68049783e-310 4.68049836e-310 4.68059087e-310], [152.39872193336487]
[4.68049783e-310 4.68049836e-310 4.68059087e-310], [152.5177185535431]
[4.68049783e-310 4.68049836e-310 4.68059087e-310], [152.6434452533722]
[4.68049783e-310 4.68049836e-310 4.68059087e-310], [152.766357421875]
[4.68049783e-310 4.68049836e-310 4.68059087e-310], [152.8880739212036]
[4.68049783e-310 4.68049836e-310 4.68059087e-310], [153.010071516037]
[4.68049783e-310 4.68049836e-310 4.68059087e-310], [153.13266706466675]
[4.68049783e-310 4.68049836e-310 4.68059087e-310], [153.2572410106659]
[4.68049783e-310 4.68049836e-310 4.68059087e-310], [153.39598417282104]
[4.68049783e-310 4.68049836e-310 4.68059087e-310], [153.52011466026306]
[4.68049783e-310 4.68049836e-310 4.68059087e-310], [153.65891122817993]
[4.68049783e-310 4.68049836e-310 4.68059087e-310], [153.7924840450287]
[4.68049783e-310 4.68049836e-310 4.68059087e-310], [153.91580891609192]
[4.68049783e-310 4.68049836e-310 4.68059087e-310], [154.0673394203186]
[4.68049783e-310 4.68049836e-310 4.68059087e-310], [154.21115922927856]
[4.68049783e-310 4.68049836e-310 4.68059087e-310], [154.35617399215698]
[4.68049783e-310 4.68049836e-310 4.68059087e-310], [154.55821251869202]
[4.68049783e-310 4.68049836e-310 4.68059087e-310], [154.71959114074707]
[4.68049783e-310 4.68049836e-310 4.68059087e-310], [154.88357424736023]
[4.68049783e-310 4.68049836e-310 4.68059087e-310], [155.04594659805298]
[4.68049783e-310 4.68049836e-310 4.68059087e-310], [155.2023684978485]
[4.68049783e-310 4.68049836e-310 4.68059087e-310], [155.35602593421936]
[4.68049783e-310 4.68049836e-310 4.68059087e-310], [155.51959323883057]
[4.68049783e-310 4.68049836e-310 4.68059087e-310], [155.64967155456543]
[4.68049783e-310 4.68049836e-310 4.68059087e-310], [155.79045987129211]
[4.68049783e-310 4.68049836e-310 4.68059087e-310], [155.92267513275146]
[4.68049783e-310 4.68049836e-310 4.68059087e-310], [156.05144333839417]
[4.68049783e-310 4.68049836e-310 4.68059087e-310], [156.1719832420349]
[4.68049783e-310 4.68049836e-310 4.68059087e-310], [156.29205989837646]
[4.68049783e-310 4.68049836e-310 4.68059087e-310], [156.4104506969452]
[4.68049783e-310 4.68049836e-310 4.68059087e-310], [156.5480546951294]
[4.68049783e-310 4.68049836e-310 4.68059087e-310], [156.67774772644043]
[4.68049783e-310 4.68049836e-310 4.68059087e-310], [156.7953586578369]
[4.68049783e-310 4.68049836e-310 4.68059087e-310], [156.9281325340271]
[4.68049783e-310 4.68049836e-310 4.68059087e-310], [157.0589439868927]
[4.68049783e-310 4.68049836e-310 4.68059087e-310], [157.1831386089325]
[4.68049783e-310 4.68049836e-310 4.68059087e-310], [157.30843257904053]
[4.68049783e-310 4.68049836e-310 4.68059087e-310], [157.44193935394287]
[4.68049783e-310 4.68049836e-310 4.68059087e-310], [157.5604019165039]
[4.68049783e-310 4.68049836e-310 4.68059087e-310], [157.68241953849792]
[4.68049783e-310 4.68049836e-310 4.68059087e-310], [157.79790115356445]
[4.68049783e-310 4.68049836e-310 4.68059087e-310], [157.92262482643127]
[4.68049783e-310 4.68049836e-310 4.68059087e-310], [158.0467324256897]
[4.68049783e-310 4.68049836e-310 4.68059087e-310], [158.1707079410553]
[4.68049783e-310 4.68049836e-310 4.68059087e-310], [158.2901074886322]
[4.68049783e-310 4.68049836e-310 4.68059087e-310], [158.40519261360168]
[4.68049783e-310 4.68049836e-310 4.68059087e-310], [158.5222246646881]
[4.68049783e-310 4.68049836e-310 4.68059087e-310], [158.6414828300476]
[4.68049783e-310 4.68049836e-310 4.68059087e-310], [158.7949779033661]
[4.68049783e-310 4.68049836e-310 4.68059087e-310], [158.92055416107178]
[4.68049783e-310 4.68049836e-310 4.68059087e-310], [159.04025197029114]
[4.68049783e-310 4.68049836e-310 4.68059087e-310], [159.16370129585266]
[4.68049783e-310 4.68049836e-310 4.68059087e-310], [159.29190874099731]
[4.68049783e-310 4.68049836e-310 4.68059087e-310], [159.41113924980164]
[4.68049783e-310 4.68049836e-310 4.68059087e-310], [159.5279757976532]
[4.68049783e-310 4.68049836e-310 4.68059087e-310], [159.65125513076782]
[4.68049783e-310 4.68049836e-310 4.68059087e-310], [159.7755091190338]
[4.68049783e-310 4.68049836e-310 4.68059087e-310], [159.8932135105133]
[4.68049783e-310 4.68049836e-310 4.68059087e-310], [160.00947284698486]
[4.68049783e-310 4.68049836e-310 4.68059087e-310], [160.12730646133423]
[4.68049783e-310 4.68049836e-310 4.68059087e-310], [160.25227761268616]
[4.68049783e-310 4.68049836e-310 4.68059087e-310], [160.36899185180664]
[4.68049783e-310 4.68049836e-310 4.68059087e-310], [160.49195647239685]
[4.68049783e-310 4.68049836e-310 4.68059087e-310], [160.61126375198364]
[4.68049783e-310 4.68049836e-310 4.68059087e-310], [160.72894144058228]
[4.68049783e-310 4.68049836e-310 4.68059087e-310], [160.84727382659912]
[4.68049783e-310 4.68049836e-310 4.68059087e-310], [160.96629285812378]
[4.68049783e-310 4.68049836e-310 4.68059087e-310], [161.0843071937561]
[4.68049783e-310 4.68049836e-310 4.68059087e-310], [161.20042300224304]
[4.68049783e-310 4.68049836e-310 4.68059087e-310], [161.31888341903687]
[4.68049783e-310 4.68049836e-310 4.68059087e-310], [161.4466860294342]
[4.68049783e-310 4.68049836e-310 4.68059087e-310], [161.57912802696228]
[4.68049783e-310 4.68049836e-310 4.68059087e-310], [161.71464467048645]
[4.68049783e-310 4.68049836e-310 4.68059087e-310], [161.84457516670227]
[4.68049783e-310 4.68049836e-310 4.68059087e-310], [161.9698224067688]
[4.68049783e-310 4.68049836e-310 4.68059087e-310], [162.09839749336243]
[4.68049783e-310 4.68049836e-310 4.68059087e-310], [162.22478818893433]
[4.68049783e-310 4.68049836e-310 4.68059087e-310], [162.34809255599976]
[4.68049783e-310 4.68049836e-310 4.68059087e-310], [162.4854383468628]
[4.68049783e-310 4.68049836e-310 4.68059087e-310], [162.60688757896423]
[4.68049783e-310 4.68049836e-310 4.68059087e-310], [162.72392201423645]
[4.68049783e-310 4.68049836e-310 4.68059087e-310], [162.84537768363953]
[4.68049783e-310 4.68049836e-310 4.68059087e-310], [162.99173426628113]
[4.68049783e-310 4.68049836e-310 4.68059087e-310], [163.1097593307495]
[4.68049783e-310 4.68049836e-310 4.68059087e-310], [163.2270369529724]
[4.68049783e-310 4.68049836e-310 4.68059087e-310], [163.34458112716675]
[4.68049783e-310 4.68049836e-310 4.68059087e-310], [163.47805166244507]
[4.68049783e-310 4.68049836e-310 4.68059087e-310], [163.60399436950684]
[4.68049783e-310 4.68049836e-310 4.68059087e-310], [163.73201036453247]
[4.68049783e-310 4.68049836e-310 4.68059087e-310], [163.86605048179626]
[4.68049783e-310 4.68049836e-310 4.68059087e-310], [164.01011490821838]
[4.68049783e-310 4.68049836e-310 4.68059087e-310], [164.12865018844604]
[4.68049783e-310 4.68049836e-310 4.68059087e-310], [164.24957633018494]
[4.68049783e-310 4.68049836e-310 4.68059087e-310], [164.38331055641174]
[4.68049783e-310 4.68049836e-310 4.68059087e-310], [164.498064994812]
[4.68049783e-310 4.68049836e-310 4.68059087e-310], [164.61627507209778]
[4.68049783e-310 4.68049836e-310 4.68059087e-310], [164.74199390411377]
[4.68049783e-310 4.68049836e-310 4.68059087e-310], [164.86670541763306]
[4.68049783e-310 4.68049836e-310 4.68059087e-310], [164.99971294403076]
[4.68049783e-310 4.68049836e-310 4.68059087e-310], [165.12027978897095]
[4.68049783e-310 4.68049836e-310 4.68059087e-310], [165.2411527633667]
[4.68049783e-310 4.68049836e-310 4.68059087e-310], [165.3641538619995]
[4.68049783e-310 4.68049836e-310 4.68059087e-310], [165.48956179618835]
[4.68049783e-310 4.68049836e-310 4.68059087e-310], [165.62332391738892]
[4.68049783e-310 4.68049836e-310 4.68059087e-310], [165.74868726730347]
[4.68049783e-310 4.68049836e-310 4.68059087e-310], [165.87308263778687]
[4.68049783e-310 4.68049836e-310 4.68059087e-310], [166.0010085105896]
[4.68049783e-310 4.68049836e-310 4.68059087e-310], [166.12894773483276]
[4.68049783e-310 4.68049836e-310 4.68059087e-310], [166.2586464881897]
[4.68049783e-310 4.68049836e-310 4.68059087e-310], [166.383474111557]
[4.68049783e-310 4.68049836e-310 4.68059087e-310], [166.50240302085876]
[4.68049783e-310 4.68049836e-310 4.68059087e-310], [166.6244342327118]
[4.68049783e-310 4.68049836e-310 4.68059087e-310], [166.74336671829224]
[4.68049783e-310 4.68049836e-310 4.68059087e-310], [166.86067605018616]
[4.68049783e-310 4.68049836e-310 4.68059087e-310], [166.97608590126038]
[4.68049783e-310 4.68049836e-310 4.68059087e-310], [167.1042399406433]
[4.68049783e-310 4.68049836e-310 4.68059087e-310], [167.22282147407532]
[4.68049783e-310 4.68049836e-310 4.68059087e-310], [167.33930826187134]
[4.68049783e-310 4.68049836e-310 4.68059087e-310], [167.45338821411133]
[4.68049783e-310 4.68049836e-310 4.68059087e-310], [167.5779950618744]
[4.68049783e-310 4.68049836e-310 4.68059087e-310], [167.70127749443054]
[4.68049783e-310 4.68049836e-310 4.68059087e-310], [167.8194739818573]
[4.68049783e-310 4.68049836e-310 4.68059087e-310], [167.93930768966675]
[4.68049783e-310 4.68049836e-310 4.68059087e-310], [168.07698106765747]
[4.68049783e-310 4.68049836e-310 4.68059087e-310], [168.20428681373596]
[4.68049783e-310 4.68049836e-310 4.68059087e-310], [168.33630204200745]
[4.68049783e-310 4.68049836e-310 4.68059087e-310], [168.4683620929718]
[4.68049783e-310 4.68049836e-310 4.68059087e-310], [168.59587335586548]
[4.68049783e-310 4.68049836e-310 4.68059087e-310], [168.71409511566162]
[4.68049783e-310 4.68049836e-310 4.68059087e-310], [168.83561730384827]
[4.68049783e-310 4.68049836e-310 4.68059087e-310], [168.9621651172638]
[4.68049783e-310 4.68049836e-310 4.68059087e-310], [169.08423733711243]
[4.68049783e-310 4.68049836e-310 4.68059087e-310], [169.22068691253662]
[4.68049783e-310 4.68049836e-310 4.68059087e-310], [169.34087586402893]
[4.68049783e-310 4.68049836e-310 4.68059087e-310], [169.46229934692383]
[4.68049783e-310 4.68049836e-310 4.68059087e-310], [169.59634351730347]
[4.68049783e-310 4.68049836e-310 4.68059087e-310], [169.72573018074036]
[4.68049783e-310 4.68049836e-310 4.68059087e-310], [169.84161162376404]
[4.68049783e-310 4.68049836e-310 4.68059087e-310], [169.96471285820007]
[4.68049783e-310 4.68049836e-310 4.68059087e-310], [170.08428502082825]
[4.68049783e-310 4.68049836e-310 4.68059087e-310], [170.20253038406372]
[4.68049783e-310 4.68049836e-310 4.68059087e-310], [170.32623171806335]
[4.68049783e-310 4.68049836e-310 4.68059087e-310], [170.4711742401123]
[4.68049783e-310 4.68049836e-310 4.68059087e-310], [170.5935080051422]
[4.68049783e-310 4.68049836e-310 4.68059087e-310], [170.71482849121094]
[4.68049783e-310 4.68049836e-310 4.68059087e-310], [170.83664298057556]
[4.68049783e-310 4.68049836e-310 4.68059087e-310], [170.95604729652405]
[4.68049783e-310 4.68049836e-310 4.68059087e-310], [171.07575178146362]
[4.68049783e-310 4.68049836e-310 4.68059087e-310], [171.20987153053284]
[4.68049783e-310 4.68049836e-310 4.68059087e-310], [171.33004474639893]
[4.68049783e-310 4.68049836e-310 4.68059087e-310], [171.4547154903412]
[4.68049783e-310 4.68049836e-310 4.68059087e-310], [171.57387733459473]
[4.68049783e-310 4.68049836e-310 4.68059087e-310], [171.6900885105133]
[4.68049783e-310 4.68049836e-310 4.68059087e-310], [171.82080483436584]
[4.68049783e-310 4.68049836e-310 4.68059087e-310], [171.9350781440735]
[4.68049783e-310 4.68049836e-310 4.68059087e-310], [172.05645561218262]
[4.68049783e-310 4.68049836e-310 4.68059087e-310], [172.17737793922424]
[4.68049783e-310 4.68049836e-310 4.68059087e-310], [172.30174660682678]
[4.68049783e-310 4.68049836e-310 4.68059087e-310], [172.4269802570343]
[4.68049783e-310 4.68049836e-310 4.68059087e-310], [172.55467295646667]
[4.68049783e-310 4.68049836e-310 4.68059087e-310], [172.676842212677]
[4.68049783e-310 4.68049836e-310 4.68059087e-310], [172.82959246635437]
[4.68049783e-310 4.68049836e-310 4.68059087e-310], [172.99679732322693]
[4.68049783e-310 4.68049836e-310 4.68059087e-310], [173.13378500938416]
[4.68049783e-310 4.68049836e-310 4.68059087e-310], [173.26809573173523]
[4.68049783e-310 4.68049836e-310 4.68059087e-310], [173.43646049499512]
[4.68049783e-310 4.68049836e-310 4.68059087e-310], [173.62407875061035]
[4.68049783e-310 4.68049836e-310 4.68059087e-310], [173.76260018348694]
[4.68049783e-310 4.68049836e-310 4.68059087e-310], [173.88996958732605]
[4.68049783e-310 4.68049836e-310 4.68059087e-310], [174.04026103019714]
[4.68049783e-310 4.68049836e-310 4.68059087e-310], [174.1986837387085]
[4.68049783e-310 4.68049836e-310 4.68059087e-310], [174.34048008918762]
[4.68049783e-310 4.68049836e-310 4.68059087e-310], [174.46037578582764]
[4.68049783e-310 4.68049836e-310 4.68059087e-310], [174.57717990875244]
[4.68049783e-310 4.68049836e-310 4.68059087e-310], [174.69578790664673]
[4.68049783e-310 4.68049836e-310 4.68059087e-310], [174.8187289237976]
[4.68049783e-310 4.68049836e-310 4.68059087e-310], [174.94775485992432]
[4.68049783e-310 4.68049836e-310 4.68059087e-310], [175.07972717285156]
[4.68049783e-310 4.68049836e-310 4.68059087e-310], [175.2154724597931]
[4.68049783e-310 4.68049836e-310 4.68059087e-310], [175.34111833572388]
[4.68049783e-310 4.68049836e-310 4.68059087e-310], [175.45966005325317]
[4.68049783e-310 4.68049836e-310 4.68059087e-310], [175.6013081073761]
[4.68049783e-310 4.68049836e-310 4.68059087e-310], [175.7356472015381]
[4.68049783e-310 4.68049836e-310 4.68059087e-310], [175.861389875412]
[4.68049783e-310 4.68049836e-310 4.68059087e-310], [175.99319505691528]
[4.68049783e-310 4.68049836e-310 4.68059087e-310], [176.12718677520752]
[4.68049783e-310 4.68049836e-310 4.68059087e-310], [176.25208282470703]
[4.68049783e-310 4.68049836e-310 4.68059087e-310], [176.38073062896729]
[4.68049783e-310 4.68049836e-310 4.68059087e-310], [176.502281665802]
[4.68049783e-310 4.68049836e-310 4.68059087e-310], [176.639075756073]
[4.68049783e-310 4.68049836e-310 4.68059087e-310], [176.76704788208008]
[4.68049783e-310 4.68049836e-310 4.68059087e-310], [176.89024353027344]
[4.68049783e-310 4.68049836e-310 4.68059087e-310], [177.0109567642212]
[4.68049783e-310 4.68049836e-310 4.68059087e-310], [177.1384801864624]
