[ 0.0 0.0 0.0],[ 167.86561369675735 167.8656136967572 167.86561369675752][ 0.0 0.0 0.0],[ 167.8656136967573 167.86561369675684 167.86561369675724], [1.8516345024108887]
[ 0.0 0.2990968319715646 0.2991032833868609],[ 167.86561369675735 167.8656136967572 167.86561369675752][ 0.0 0.048567770354447724 0.04856933102198813],[ 167.8656136967573 167.86561369675684 167.86561369675724], [2.730508804321289]
[ 0.0 0.16837547832856675 0.16838319459265616],[ 167.96259439766814 168.00031021648647 168.00031410337917][ 0.0 0.0 0.0],[ 167.88266837237748 167.88678045281358 167.8867813404422], [2.8755455017089844]
[ 0.0 0.13886203683362763 0.1388666774929127],[ 167.97858047350138 168.0526798953321 168.05268609020246][ 0.0 0.0 0.0],[ 167.88093375426496 167.8813643287914 167.88136425924466], [3.008287191390991]
[ 0.0 0.15732200043035077 0.15732844560820208],[ 167.97349072596955 168.08098664843044 168.0809942721639][ 0.0 0.0 0.0],[ 167.87752794672383 167.87784444583792 167.87784173797016], [3.1441473960876465]
[ 0.0 0.18092474787614962 0.18093334514148635],[ 167.97164529135352 168.1121982776174 168.11220743522048][ 0.0 0.0 0.0],[ 167.87491733827324 167.87505667342614 167.87505246439227], [3.270454168319702]
[ 0.0 0.20406588569495504 0.20407640254843432],[ 167.97415738633737 168.1482518393143 168.14826337875448][ 0.0 0.0 0.0],[ 167.87291103969113 167.87298122057297 167.872977622051], [3.395183801651001]
[ 0.0 0.22698397725303945 0.22699635971929122],[ 167.9798578093164 168.18774422831774 168.18775879436635][ 0.0 0.0 0.0],[ 167.8714735301897 167.8714039926016 167.87140006247432], [3.5248005390167236]
[ 0.0 0.24984896422082556 0.24986317885810327],[ 167.98785791763598 168.22971529885646 168.22973351853258][ 0.0 0.0 0.0],[ 167.87041020127467 167.8702230175304 167.87021877367906], [3.6537234783172607]
[ 0.0 0.27268999048777576 0.2727059842480302],[ 167.99755679172162 168.27351882811635 168.27354131823733][ 0.0 0.0 0.0],[ 167.8696232501899 167.86933868581397 167.8693341382569], [3.7791428565979004]
[ 0.0 0.2955187906018807 0.2955364991633971],[ 168.00851621373846 168.31868442174135 168.31871178960614][ 0.0 0.0 0.0],[ 167.8691493813696 167.8686204474389 167.8686193553016], [3.9055135250091553]
[ 0.0 0.31834568360372667 0.3183650392322146],[ 168.02041249964583 168.3648648364959 168.36489768043575][ 0.0 0.0 0.0],[ 167.86870034592542 167.86813374323356 167.8681326378785], [4.030007600784302]
[ 0.0 0.3411783214849565 0.34119925667644835],[ 168.03300729100434 168.41180451304245 168.41184342355635][ 0.0 0.0 0.0],[ 167.8683683440308 167.86776933128144 167.86776820733758], [4.154259920120239]
[ 0.0 0.36402256186903376 0.3640450111705775],[ 168.04612502935203 168.45931531408033 168.45936087516][ 0.0 0.0 0.0],[ 167.8681229681953 167.86749657460044 167.86749542570573], [4.276382207870483]
[ 0.0 0.38688255977331554 0.3869064605036205],[ 168.0596364985925 168.50725883389939 168.50731162435963][ 0.0 0.0 0.0],[ 167.86794171437583 167.8672925090682 167.86729132871557], [4.401274681091309]
[ 0.0 0.4097613397198942 0.40978663218729766],[ 168.07344656298292 168.5555332029991 168.55559379768923][ 0.0 0.0 0.0],[ 167.86780792370902 167.86713992468566 167.86713870669234], [4.535412788391113]
[ 0.0 0.43266109888760884 0.43268772632364616],[ 168.0874851629547 168.60406341278951 168.6041323836404][ 0.0 0.0 0.0],[ 167.8677092640558 167.8670259231574 167.8670246619127], [4.6663782596588135]
[ 0.0 0.45558342617523273 0.4556113345233931],[ 168.10170070461936 168.65279421756946 168.65287213447343][ 0.0 0.0 0.0],[ 167.8676366062753 167.86694083742674 167.86693952798242], [4.790865421295166]
[ 0.0 0.4785294654973729 0.4785586031598141],[ 168.11605519013608 168.7016849101363 168.7017723416614][ 0.0 0.0 0.0],[ 167.8675831922622 167.86687742207314 167.86687606015818], [4.920578956604004]
[ 0.0 0.5015000354877956 0.5015303530615367],[ 168.13052063343645 168.75070547945202 168.75080299340758][ 0.0 0.0 0.0],[ 167.86754401909116 167.86683024659834 167.86682882858116], [5.049760818481445]
[ 0.0 0.5244957169317045 0.5245271669771362],[ 168.14507642167297 168.79983378471582 168.79994194859356][ 0.0 0.0 0.0],[ 167.86751538315315 167.86679524073222 167.86679376355937], [5.171592950820923]
[ 0.0 0.5475169166786769 0.5475494535149373],[ 168.15970737280136 168.849053476621 168.8491728579301][ 0.0 0.0 0.0],[ 167.8674945426979 167.8667693536743 167.866767814798], [5.287434101104736]
[ 0.0 0.570563914370151 0.5705974939066563],[ 168.1744023053535 168.8983524681352 168.89848363465308][ 0.0 0.0 0.0],[ 167.8674794680366 167.86675029871023 167.86674869602172], [5.404151201248169]
[ 0.0 0.5936368966654212 0.5936714762688021],[ 168.18915298961522 168.94772181385116 168.9478653338105][ 0.0 0.0 0.0],[ 167.8674686566143 167.86673636181538 167.86673469357223], [5.522342920303345]
[ 0.0 0.6167359819964416 0.6167715203818218],[ 168.20395335480754 168.99715486476865 168.9973113069883][ 0.0 0.0 0.0],[ 167.86746099611022 167.8667262582076 167.86672452297526], [5.638831377029419]
[ 0.0 0.6398612388788565 0.6398976960297709],[ 168.21879894731123 169.04664668886932 169.0468166228479][ 0.0 0.0 0.0],[ 167.8674556631081 167.86671902482888 167.8667172214286], [5.754907131195068]
[ 0.0 0.6630126994986371 0.6630500366074381],[ 168.23368647614782 169.09619358876498 169.09637758474932][ 0.0 0.0 0.0],[ 167.86745204804305 167.86671393978176 167.86671206724284], [5.883487701416016]
[ 0.0 0.6861903689862375 0.6862285484095682],[ 168.24861353223437 169.14579280128055 169.14599143030176][ 0.0 0.0 0.0],[ 167.86744969969428 167.86671046191412 167.86670851943651], [6.0066022872924805]
[ 0.0 0.7093942331690851 0.7094332183931448],[ 168.26357834331725 169.19544223770657 169.19565607160763][ 0.0 0.0 0.0],[ 167.8674482840285 167.86670818556811 167.86670617249013], [6.131439447402954]
[ 0.0 0.7326242632642237 0.7326640188888971],[ 168.27857960974097 169.24514030915455 169.24536992060672][ 0.0 0.0 0.0],[ 167.867447553789 167.86670680664218 167.86670472241212], [6.2576744556427]
[ 0.0 0.7558804198499705 0.7559209115707217],[ 168.29361638028283 169.2948857947305 169.29513175723426][ 0.0 0.0 0.0],[ 167.86744732594713 167.8667060971622 167.86670394131937], [6.388304233551025]
[ 0.0 0.77916265564174 0.7792038502460347],[ 168.30868796064252 169.3446777445366 169.34494063242326][ 0.0 0.0 0.0],[ 167.86744746501844 167.86670588621678 167.86670365837153], [6.517735242843628]
[ 0.0 0.8024709175129706 0.8025127828762838],[ 168.32379384599326 169.39451540822034 169.3947957966479][ 0.0 0.0 0.0],[ 167.86744787071623 167.8667060456715 167.86670374549126], [6.6407880783081055]
[ 0.0 0.8258051479615952 0.8258476530540617],[ 168.33893367124887 169.444398182334 169.44469664727532][ 0.0 0.0 0.0],[ 167.86744846880575 167.8667064794566 167.86670410665548], [6.768135070800781]
[ 0.0 0.8491652862163979 0.8492084010999543],[ 168.35410717435812 169.49432557155728 169.49464268979284][ 0.0 0.0 0.0],[ 167.8674492043336 167.86670711553973 167.86670466986655], [6.892092704772949]
[ 0.0 0.8725512690005708 0.8725949648397469],[ 168.36931416925043 169.5442971601258 169.54463350923365][ 0.0 0.0 0.0],[ 167.86745003662296 167.86670789990643 167.8667053811401], [7.014985799789429]
[ 0.0 0.8959630311208974 0.8960072801905054],[ 168.38455452587849 169.59431259076334 169.59466874910362][ 0.0 0.0 0.0],[ 167.8674509355599 167.86670879205067 167.8667061999929], [7.13838529586792]
[ 0.0 0.9194005058816448 0.9194452815733258],[ 168.39982815546495 169.64437154916885 169.64474809587367][ 0.0 0.0 0.0],[ 167.86745187885052 167.86670976159385 167.86670709606545], [7.261306524276733]
[ 0.0 0.9428636253821117 0.9429089022170729],[ 168.41513499964609 169.69447375256578 169.694871267525][ 0.0 0.0 0.0],[ 167.86745284998688 167.8667107857471 167.86670804658112], [7.378148078918457]
[ 0.0 0.9663523207588179 0.9663980744005953],[ 168.43047502241816 169.74461894127268 169.745038005123][ 0.0 0.0 0.0],[ 167.86745383674278 167.86671184741138 167.86670903445471], [7.494120121002197]
[ 0.0 0.9898665223400785 0.989912729598496],[ 168.4458482042353 169.79480687247556 169.79524806658566][ 0.0 0.0 0.0],[ 167.8674548300635 167.86671293375719 167.86671004686562], [7.611051082611084]
[ 0.0 1.0134061597416937 1.0134527985914377],[ 168.46125453761871 169.84503731564624 169.84550122210433][ 0.0 0.0 0.0],[ 167.86745582323826 167.86671403515118 167.86671107418692], [7.7302374839782715]
[ 0.0 1.0369710194285298 1.0365837699532137],[ 168.47669402391278 169.89531004914934 169.89579725075012][ 0.0 0.0 0.0005808355318170137],[ 167.8674568112908 167.86671514435966 167.86671210919204], [7.849258184432983]
[ 0.0 1.0545073674265861 1.0503984644722677],[ 168.4921054490219 169.94556404357934 169.94598986143026][ 0.0 0.008062598356332258 0.013992874767884564],[ 167.86750127993048 167.86675960277745 167.8669874791435], [7.97690224647522]
[ 0.0 1.0718727461279405 1.0683907451093702],[ 168.5053468248054 169.99248651395934 169.99210077712647][ 0.0 0.020456828693627412 0.02899745285317253],[ 167.86914592689413 167.87160616821828 167.87412405579707], [8.102039337158203]
[ 0.0 1.0916197964884307 1.0875209519763924],[ 168.51794821856015 170.0373462190975 170.0361006140646][ 0.0 0.03327327208522329 0.044363016763806246],[ 167.87232764698112 167.88223727698238 167.88753736609192], [8.238577365875244]
[ 0.0 1.11185412283825 1.1068429714149361],[ 168.53078760660435 170.08143367347853 170.0792413496274][ 0.0 0.04584577636075207 0.05968506183523767],[ 167.87730892622685 167.89728662809318 167.9054249796154], [8.365223169326782]
[ 0.0 1.1319610740565607 1.1258971896213117],[ 168.54393233830243 170.1251251725545 170.12188348650548][ 0.0 0.05818590199889533 0.07504990383190775],[ 167.88314691014912 167.91561067052163 167.92702430249201], [8.49396800994873]
[ 0.0 1.1517540634300816 1.1445133759595474],[ 168.55722337709648 170.16846206244065 170.16405683835714][ 0.0 0.07054124641008691 0.09075144306125935],[ 167.88974743744473 167.93626352419895 167.95129121752453], [8.615720748901367]
[ 0.0 1.1713014240164874 1.1627508669585562],[ 168.57049122324875 170.21138703457956 170.20569134778853][ 0.0 0.08303804078314658 0.10695977270858292],[ 167.89693907594003 167.95869768688834 167.9777164364726], [8.76097846031189]
[ 0.0 1.190654202232879 1.1806457805590291],[ 168.5836441868869 170.25387986028696 170.2467520387775][ 0.0 0.09576204625016027 0.12380775323584128],[ 167.9046200058938 167.982573204838 168.00600525236706], [8.884211301803589]
[ 0.0 1.20985986569387 1.198227724626988],[ 168.59663902961591 170.29594305515542 170.28722450326714][ 0.0 0.10874553147052585 0.1413794965469583],[ 167.91273401611218 168.00768473569363 168.03600415460912], [9.018925905227661]
[ 0.0 1.2289558473662572 1.2155138929678042],[ 168.6094629080507 170.33759625474218 170.3271091491185][ 0.0 0.12198615300246476 0.15973017595199257],[ 167.92125011228097 168.03389944866274 168.0676388995647], [9.15193772315979]
[ 0.0 1.2479706201798602 1.2325102057647022],[ 168.62211891197606 170.37886870682905 170.3664135259848][ 0.0 0.13546065010333316 0.1789003581548425],[ 167.93015052152217 168.06112072952854 168.1008786794767], [9.27871322631836]
[ 0.0 1.266927094770485 1.2492146581994044],[ 168.63461673160438 170.41979356934542 170.40514643444598][ 0.0 0.14913347079724196 0.19892511776285937],[ 167.9394240876454 168.08926841207654 168.13571693605053], [9.405183553695679]
[ 0.0 1.285867939082264 1.2656404135368442],[ 168.64696766293048 170.4604047646857 170.44331458522646][ 0.0 0.1629357073521893 0.2198162286770305],[ 167.9490629142689 168.11826862417092 168.17216182271554], [9.52906084060669]
[ 0.0 1.304804000473582 1.2817678360897968],[ 168.6591885094423 170.5007459801941 170.48093098937903][ 0.0 0.17681070159211565 0.2416050083299723],[ 167.9590571504777 168.1480348195404 168.21021897930697], [9.654071569442749]
[ 0.0 1.3237274597946953 1.2975587156225934],[ 168.67128934252366 170.5408542934215 170.51799860264134][ 0.0 0.19073197135860998 0.2643570421937127],[ 167.96939740108323 168.17847856169627 168.2499024681006], [9.781248569488525]
[ 0.0 1.3426708294524805 1.3130097142373258],[ 168.6832705008018 170.58075265198136 170.55450323218977][ 0.0 0.20464827139342587 0.2881224442864669],[ 167.9800795989208 168.20952674105195 168.29125087209445], [9.90353775024414]
[ 0.0 1.361659405495198 1.3281085053466155],[ 168.69513753022682 170.62047083833556 170.59043398311144][ 0.0 0.2184985898806559 0.31294923057037244],[ 167.9911011413905 168.24110463779593 168.33431163110555], [10.019704103469849]
[ 0.0 1.3807170441933356 1.3428394205359457],[ 168.70689659121388 170.66004119448033 170.6257789452921][ 0.0 0.23221711119387847 0.33888751087353275],[ 168.0024593983082 168.27313192608526 168.3791372657417], [10.142249345779419]
[ 0.0 1.3998676015437053 1.3571852948149004],[ 168.7185532357085 170.6994973824529 170.66052400843313][ 0.0 0.24573485653784524 0.36599002544350584],[ 168.01415130542355 168.30552195022221 168.42578453178976], [10.266866683959961]
[ 0.0 1.4191352593205386 1.3711284665619925],[ 168.73011223400522 170.73887407919324 170.6946527404059][ 0.0 0.25898072501688246 0.39431155451937894],[ 168.02617355920168 168.3381822566689 168.47431443050664], [10.386814832687378]
[ 0.0 1.438544271406875 1.384651468970842],[ 168.7415777251562 170.77820692679876 170.72814668867935][ 0.0 0.2718826338910566 0.4239077515732099],[ 168.03852257336547 168.37101518211745 168.5247917709613], [10.506065368652344]
[ 0.0 1.458118392937651 1.397737717671719],[ 168.75295341472912 170.8175324433157 170.76098585517974][ 0.0 0.28436901742252924 0.45483350910064013],[ 168.05119454236552 168.40391882526978 168.57728448039757], [10.631605863571167]
[ 0.0 1.4778801005761897 1.4103723525859786],[ 168.76424273957733 170.85688778145962 170.79314928449233][ 0.0 0.2963707941264531 0.4871408081538142],[ 168.06418549042385 168.43678835427892 168.63186245863574], [10.760560274124146]
[ 0.0 1.497849567532845 1.422543247219826],[ 168.77544899454605 170.89631029841362 170.82461578761786][ 0.0 0.307823937779741 0.5208760266152608],[ 168.07749125772278 168.46951769343448 168.68859584416472], [10.882001876831055]
[ 0.0 1.5180434389812418 1.434242272147511],[ 168.78657541775027 170.93583689298464 170.855364821707][ 0.0 0.31867267495748114 0.5560765796538075],[ 168.09110748976534 168.50200177446297 168.74755268511535], [11.003668308258057]
[ 0.0 1.5384733804804838 1.4454668110754427],[ 168.79762525362312 170.97550309811734 170.8853775800702][ 0.0 0.3288733609884653 0.5927668240974602],[ 168.10502960823928 168.53413942666467 168.80879589022035], [11.118643522262573]
[ 0.0 1.5591444079016974 1.4562215353826184],[ 168.80860180219418 171.0153419071453 170.91463833465303][ 0.0 0.33839904173800495 0.6309531708616996],[ 168.11925276550733 168.5658369993216 168.87237936037675], [11.235284566879272]
[ 0.0 1.580053024896251 1.4665204177579314],[ 168.81950846223825 171.05538231798303 170.9431360695119][ 0.0 0.3472446630847791 0.6706183982130318],[ 168.13377177837313 168.59701278167304 168.9383431999693], [11.356347799301147]
[ 0.0 1.6011852245274598 1.4763889341582397],[ 168.83034877391165 171.09564758863652 170.9708664333628][ 0.0 0.35543281985760206 0.7117152308190948],[ 168.14858103412575 168.62760225042422 169.00670792895667], [11.474945545196533]
[ 0.0 1.6225144525017563 1.4858663618306989],[ 168.84112646529204 171.13615321338202 170.99783402183007][ 0.0 0.3630198385644918 0.7541593514333859],[ 168.16367436353087 168.65756412353963 169.0774676623802], [11.600282907485962]
[ 0.0 1.6439996720221963 1.495008022080194],[ 168.85184550638803 171.17690465395108 171.02405497402137][ 0.0 0.3701018711606137 0.7978221554581832],[ 168.1790448635958 168.68688711173272 169.15058228661522], [11.724637269973755]
[ 0.0 1.6655837360593582 1.5038872678510902],[ 168.86251017167 171.21789489168955 171.04955982798282][ 0.0 0.3768205215215449 0.8425237171978497],[ 168.19468468372858 168.71559718751175 169.22596880098135], [11.847595930099487]
[ 0.0 1.6871923133881346 1.5125969427689254],[ 168.87312511380807 171.25910191426541 171.07439653339642][ 0.0 0.3833673806435041 0.8880266373643371],[ 168.2105847547079 168.74376502254634 169.3034921021472], [11.964169979095459]
[ 0.0 1.7087336412077296 1.521249980214055],[ 168.88369544801273 171.3004863003958 171.09863345621466][ 0.0 0.389986721385072 0.9340316418080049],[ 168.22673447333992 168.77151312056924 169.38295570340347], [12.088300704956055]
[ 0.0 1.7300994193575003 1.529978822721644],[ 168.894226840783 171.34198911510788 171.122362134318][ 0.0 0.39697548934411264 0.9801759220869304],[ 168.24312136402511 168.7990220197311 169.46409310218039], [12.21162748336792]
[ 0.0 1.7511670606801157 1.5389333210178089],[ 168.90472560183264 171.3835303899473 171.14569948512235][ 0.0 0.40467978773150615 1.0260353026098579],[ 168.2597307236723 168.82653475716356 169.5465606934514], [12.331032276153564]
[ 0.0 1.7718034583024802 1.5482769230484408],[ 168.91519876366576 171.42500847948773 171.16878909413987][ 0.0 0.41348718173130233 1.0711311743127139],[ 168.27654530632907 168.85435874415634 169.6299333616236], [12.44930100440979]
[ 0.0 1.791870219221441 1.5581811126772231],[ 168.92565413829314 171.46630059800884 171.19180120018746][ 0.0 0.4238145170315044 1.114942832880645],[ 168.29354508542303 168.88286415977748 169.71370394111383], [12.57067346572876]
[ 0.0 1.8112300970716313 1.5688183189714753],[ 168.9361003333114 171.50726478801766 171.21493101370197][ 0.0 0.43609146733152077 1.1569252948405755],[ 168.31070714839112 168.91247811635967 169.79728769089147], [12.692052841186523]
[ 0.0 1.8297541175777678 1.580353795429982],[ 168.94654670909298 171.5477434701964 171.2383951001246][ 0.0 0.45074067090291003 1.196531912146986],[ 168.32800577331426 168.94367414144793 169.88003265862991], [12.812097549438477]
[ 0.0 1.8473287046114066 1.5929372102622577],[ 168.95700326122483 171.58756856690962 171.26242572975283][ 0.0 0.4681559588713778 1.2332402791616202],[ 168.34541272339035 168.9769569742645 169.9612363101811], [12.93311619758606]
[ 0.0 1.8638620505936614 1.6066948171803548],[ 168.96748041883876 171.62656799683936 171.28726332707708][ 0.0 0.488680651032776 1.2665792119688675],[ 168.36289777015878 169.01284324135088 170.04016810043322], [13.061691761016846]
[ 0.0 1.8792890775948032 1.621723030301426],[ 168.97798876074933 171.66457314157523 171.31314741295685][ 0.0 0.5125880368127985 1.2961541898246245],[ 168.3804294239611 169.05183915978705 170.11609685992048], [13.180250883102417]
[ 0.0 1.8935745998220033 1.6380839931084066],[ 168.98853866635463 171.70142673159413 171.3403066704547][ 0.0 0.5400658733862949 1.3216687407186472],[ 168.39797581605742 169.09441688852806 170.18832112545826], [13.303802251815796]
[ 0.0 1.9067146607403462 1.6558033618328034],[ 168.99913993423215 171.73699053161917 171.36894892180058][ 0.0 0.5712060470196089 1.3429398594728412],[ 168.41550564910133 169.14099138129166 170.25620003056673], [13.42050838470459]
[ 0.0 1.9187363714674817 1.6748701218788047],[ 169.0098014142127 171.77115224868183 171.399251835094][ 0.0 0.6059996177543561 1.359906539571908],[ 168.4329891177308 169.1918995065173 170.31918223535288], [13.54716968536377]
[ 0.0 1.9296968088831594 1.6952379425806],[ 169.02053070431583 171.8038312345991 171.43135507012545][ 0.0 0.6443365542627004 1.3726316168111485],[ 168.45039870211255 169.2473827922393 170.37683066885302], [13.66858434677124]
[ 0.0 1.9396815729576085 1.7168274409008264],[ 169.03133395933267 171.83498277056316 171.46535434703063][ 0.0 0.6860088215990658 1.3812980582533192],[ 168.46770975330304 169.30757452074525 170.4288415139892], [13.79474949836731]
[ 0.0 1.9488034464352018 1.7395287951144787],[ 169.0422158433509 171.86460094707581 171.50129763669386][ 0.0 0.7307152848530213 1.3862013387265346],[ 168.48490081580522 169.37249120335483 170.4750567182203], [13.919124364852905]
[ 0.0 1.9572013039739964 1.7632043885211632],[ 169.05317963695413 171.89272032673387 171.53918340051257][ 0.0 0.7780671752089071 1.3877395227844391],[ 168.50195366405603 169.44202789326917 170.51547014309733], [14.043598175048828]
[ 0.0 1.9650390683027574 1.7876914886164963],[ 169.0642274867639 171.91941665631143 171.57896061557562][ 0.0 0.8275935418206374 1.3864021649021452],[ 168.5188530607694 169.5159564923582 170.5502280729703], [14.166704177856445]
[ 0.0 1.9725041959279503 1.8128052911339536],[ 169.07536076550664 171.9448068605097 171.62053024945985][ 0.0 0.8787470030926198 1.3827583258288723],[ 168.53558627343853 169.59392625014 170.57962506113338], [14.284875869750977]
[ 0.0 1.9798049645505185 1.838342898446577],[ 169.0865804987743 171.9690484141298 171.6637479040391][ 0.0 0.9309110003086276 1.3774431146279937],[ 168.55214240929945 169.67546602647712 170.60409597447534], [14.408470392227173]
[ 0.0 1.9871657794382513 1.8640888976353658],[ 169.09788781095403 171.99233798629976 171.70842750333614][ 0.0 0.9834104289766766 1.3711414493696343],[ 168.56851164800295 169.75998850229595 170.62420467597886], [14.530997276306152]
[ 0.0 1.9948198603697629 1.8898231033584894],[ 169.1092843460215 172.01490902994075 171.75434610599746][ 0.0 1.0355277772832243 1.3645674095714582],[ 168.5846844636676 169.84679722479774 170.64062920230478], [14.650991678237915]
[ 0.0 2.002999042248396 1.9153307030511395],[ 169.12077262605703 172.0370278116178 171.80125011159438][ 0.0 1.0865265630679413 1.3584378109477524],[ 168.6006509311518 169.93509797639155 170.6541427408639], [14.771147966384888]
[ 0.0 2.0119210219953034 1.9404144900954479],[ 169.13235631821487 172.0589873048827 171.84886322934022][ 0.0 1.1356828173391924 1.3534395645601187],[ 168.61640020156725 170.02401625352405 170.66558939425653], [14.89190149307251]
[ 0.0 2.021775138689789 1.9649081654101819],[ 169.14404038784772 172.08109846357738 171.89689652383228][ 0.0 1.1823236383383426 1.3501919416115475],[ 168.63192020633625 170.11262243758884 170.6758538275616], [15.012256145477295]
[ 0.0 1.6046636769074727 1.9237546813174475],[ 169.15583112110176 172.1036786874626 171.94506060533573][ 0.0 1.0188247037201223 1.2488760939867312],[ 168.64719760745177 170.199965405118 170.6858245484095], [15.139203310012817]
[ 0.0 1.8101055974558145 1.9289679092189438],[ 169.08373972214557 171.99693401624418 171.9063857552865][ 0.0 1.138512818053118 1.2828363994217884],[ 168.6281650840785 170.19655701283335 170.63007799878451], [15.256196975708008]
[ 0.0 1.8492914316328504 1.9650613654452727],[ 169.07389871137806 171.95380155981195 171.92040422729815][ 0.0 1.1652872799694989 1.3064055228690397],[ 168.6321730050618 170.23871405381672 170.6171582139774], [15.377144575119019]
[ 0.0 1.848370486179554 1.9866310549657975],[ 169.08334163388034 171.93291509136202 171.951051736357][ 0.0 1.1674666692050526 1.3168821725990671],[ 168.6409271747757 170.28356756912095 170.6202955495982], [15.502338171005249]
[ 0.0 1.8367602787786175 2.001752437597528],[ 169.09502630620042 171.91718755122614 171.9829040339888][ 0.0 1.163181516527577 1.3234694086075722],[ 168.64890147433672 170.31905072351992 170.62751875111053], [15.618984937667847]
[ 0.0 1.8226893674251121 2.0143435700085246],[ 169.1045610353982 171.9016921984123 172.01199029232072][ 0.0 1.1573156786281071 1.3294387344935021],[ 168.65512542107763 170.344370824293 170.63551363098145], [15.74124264717102]
[ 0.0 1.8085024155037932 2.0259937883084307],[ 169.11140239385642 171.88534653889633 172.03787492533027][ 0.0 1.151203133350708 1.3357571150432423],[ 168.6597723991013 170.36131746345754 170.64368396495806], [15.866667747497559]
[ 0.0 1.7947430610850086 2.037330170408432],[ 169.1160174695367 171.86818008588764 172.0610666050404][ 0.0 1.145194811101501 1.3425698982324132],[ 168.66322918103603 170.37188934905703 170.6521311098919], [15.995852708816528]
[ 0.0 1.7814240354553474 2.0485929698388547],[ 169.11900829486004 171.85045544125452 172.082211473706][ 0.0 1.139401025253521 1.3497494194866728],[ 168.6658463307292 170.37774988732812 170.6610244370368], [16.120580673217773]
[ 0.0 1.7684258247123679 2.059879531877393],[ 169.12087542822454 171.8324082106271 172.10186943872483][ 0.0 1.1338976850979696 1.3570982599034531],[ 168.66788941660985 170.38018618947112 170.67044105540637], [16.245741605758667]
[ 0.0 1.755616038662399 2.07123931342391],[ 169.12198472957448 171.81419223861195 172.12047809774393][ 0.0 1.1287713790825518 1.3644190492995325],[ 168.6695469700932 170.3801837961506 170.68035467236848], [16.37486743927002]
[ 0.0 1.7428804698018294 2.082707016450042],[ 169.1225895387359 171.79588640789993 172.13836928757982][ 0.0 1.1241196241430476 1.3715354612849924],[ 168.67094958990745 170.37850736085605 170.69066242939135], [16.50200319290161]
[ 0.0 1.7301277231232381 2.0943122727489816],[ 169.12286084982742 171.77751482996106 172.15579430617288][ 0.0 1.1200416947554008 1.37829696872664],[ 168.67218716185633 170.37576250056563 170.70121453293388], [16.625980377197266]
[ 0.0 1.7172869919551181 2.1060813386399277],[ 169.12291257186294 171.7590659383346 172.17294546363547][ 0.0 1.116629848991113 1.3845789527271837],[ 168.67332168458753 170.37243825681875 170.7118379042863], [16.751251220703125]
[ 0.0 1.704304777312551 2.118036548156157],[ 169.1228199991885 171.74050726016756 172.18997190272657][ 0.0 1.113963007572545 1.3902818291088102],[ 168.6743961749872 170.36893492877329 170.72235327542228], [16.877129554748535]
[ 0.0 1.6911419939201058 2.1301954855304324],[ 169.12263260095045 171.72179601564147 172.20699051921656][ 0.0 1.112102840784908 1.39533007553666],[ 168.67544068197174 170.36558200813423 170.73258711113115], [17.000381231307983]
[ 0.0 1.6777716309301627 2.1425704513542683],[ 169.12238266812597 171.7028864436353 172.2240933092602][ 0.0 1.1110918062912407 1.3996711830585562],[ 168.676476314117 170.36264978956703 170.74237978658405], [17.124356985092163]
[ 0.0 1.6641768361986355 2.1551683223335045],[ 169.12209110066365 171.6837347198639 172.24135229585846][ 0.0 1.1109527011598346 1.4032743723962349],[ 168.67751794247536 170.36035712208957 170.75159106914003], [17.248480796813965]
[ 0.0 1.6503492764779453 2.1679907574443247],[ 169.12177126583046 171.66430213222182 172.25882289266664][ 0.0 1.111689376772105 1.40612894827955],[ 168.67857602882552 170.3588769357211 170.76010358805516], [17.378019332885742]
[ 0.0 1.6362876748083628 2.1810346663717595],[ 169.1214315679146 171.64455698797738 172.2765463040354][ 0.0 1.1132883290331985 1.4082422496619176],[ 168.6796578768067 170.35834059785466 170.76782472351786], [17.501584768295288]
[ 0.0 1.6219964739308312 2.194292854972577],[ 169.12107715955403 171.62447558757043 172.29455136252034][ 0.0 1.1157209137322537 1.4096372335229002],[ 168.68076850032872 170.3588417555096 170.77468719987337], [17.626501083374023]
[ 0.0 1.6074846080709415 2.2077547713623407],[ 169.12071108152082 171.6040425062624 172.31285606149592][ 0.0 1.1189459607563383 1.4103497883159468],[ 168.68191123594897 170.36044004476793 170.78064859600727], [17.75141429901123]
[ 0.0 1.5927643837881296 2.221407288284129],[ 169.1203350217529 171.58325036491294 172.33146893847106][ 0.0 1.1229125817939392 1.410425905781977],[ 168.68308818197625 170.36316485820032 170.78568995921134], [17.878320693969727]
[ 0.0 1.577850478260752 2.2352354706563435],[ 169.11994982061512 171.5620992326993 172.35039039317536][ 0.0 1.1275629907571187 1.4099188496368205],[ 168.68430051855725 170.36701923044964 170.78981370425436], [18.002155542373657]
[ 0.0 1.5627590638273063 2.2492232894436133],[ 169.11955580693564 171.5405957786659 172.3696139759444][ 0.0 1.1328351866481932 1.40888645170233],[ 168.68554874439204 170.37198381616528 170.79304098163686], [18.127467393875122]
[ 0.0 1.547507064157124 2.2633542554038755],[ 169.1191530210555 171.51875226969327 172.3891276503601][ 0.0 1.138665382461021 1.4073886445347867],[ 168.68683285381593 170.37802088322502 170.79540869885042], [18.258325815200806]
[ 0.0 1.5321115428910423 2.2776119563542703],[ 169.11874136220203 171.49658549632548 172.40891501568277][ 0.0 1.1449900997908358 1.4054853120264572],[ 168.68815246998898 170.3850782195215 170.79696637121822], [18.38495182991028]
[ 0.0 1.5165892206259763 2.291980491150979],[ 169.11832068488744 171.47411569314642 172.4289564656915][ 0.0 1.1517478830041885 1.4032345085780153],[ 168.68950694501964 170.39309284720963 170.7977729636876], [18.51460862159729]
[ 0.0 1.5009561117620316 2.3064448002663642],[ 169.1178908607232 171.45136550648527 172.44923025878245][ 0.0 1.1588806177417883 1.4006910685097576],[ 168.69089543459262 170.40199444823628 170.79789386258454], [18.639086723327637]
[ 0.0 1.4852272696808746 2.320990898804482],[ 169.11745181642223 171.42835904883032 172.46971347684305][ 0.0 1.1663344640075979 1.3979056013660667],[ 168.69231695261055 170.41170842407402 170.79739808912814], [18.76496434211731]
[ 0.0 1.469416626333612 2.335606021714794],[ 169.1170035553093 171.40512106697048 172.49038285604678][ 0.0 1.1740604339699083 1.394923848308829],[ 168.69377041020323 170.42215853645675 170.79635583672513], [18.889208555221558]
[ 0.0 1.45353691090742 2.350278693385439],[ 169.11654616727077 171.38167623969866 172.5112154796917][ 0.0 1.182014658561496 1.3917863592623243],[ 168.69525464254684 170.43326910114638 170.79483638432154], [19.014915227890015]
[ 0.0 1.4375996322957616 2.3649987355159174],[ 169.11607983061455 171.35804861106797 172.53218933024053][ 0.0 1.1901583953587176 1.3885284407268008],[ 168.69676842642005 170.44496673080337 170.79290641019566], [19.137335777282715]
[ 0.0 1.4216151098843646 2.379757227375214],[ 169.11560480837926 171.3342611572345 172.55328370453384][ 0.0 1.198457833946154 1.3851803190223926],[ 168.69831049100065 170.45718164395765 170.79062870601652], [19.263875484466553]
[ 0.0 1.4055925387696333 2.3945464319284646],[ 169.11512144100524 171.31033547845408 172.5744795015972][ 0.0 1.2068837545555735 1.3817674631268773],[ 168.69987952397818 170.46984857407878 170.7880612707954], [19.38821768760681]
[ 0.0 1.3895400767051616 2.409359700193895],[ 169.11463013681583 171.2862916032284 172.5957593968249][ 0.0 1.2154110918695646 1.3783110140760713],[ 168.70147417473464 170.48290732508727 170.78525674886328], [19.514760494232178]
[ 0.0 1.400580134849607 2.4407568221472404],[ 169.11413136143025 171.26214788857985 172.61710791908678][ 0.042812226660175666 1.2228467303032269 1.3886119576847724],[ 168.70309305595333 170.49630302740323 170.78226216550593], [19.638524293899536]
[ 0.0 1.394659924287048 2.459322763281275],[ 169.119430476685 171.24935691215876 172.64776802390284][ 0.06926815345653221 1.221359646349134 1.3936659344414817],[ 168.72561552612478 170.51382531244786 170.788731969889], [19.769139051437378]
[ 0.0 1.3853993302143879 2.4766473966382883],[ 169.12414737860556 171.23885681096215 172.6790093900697][ 0.09228143171294996 1.2195316282415478 1.3979493118693898],[ 168.75513197578658 170.52892651045462 170.797984468307], [19.885573387145996]
[ 0.0 1.3763120172855707 2.494552377174399],[ 169.12767150787127 171.22878661530194 172.70956767324643][ 0.1139742505479628 1.2189960450171922 1.4024518563302497],[ 168.78802718966338 170.54175769523965 170.808633893254], [20.010865449905396]
[ 0.0 1.3677797083220034 2.512929056601558],[ 169.13057679705824 171.21903285397866 172.73974564771916][ 0.13504330268050088 1.2195390150257877 1.4071181858378807],[ 168.82296071119316 170.55337139249244 170.8203980800077], [20.134997129440308]
[ 0.0 1.3597136234600606 2.531627109170806],[ 169.13330352266675 171.20964658459113 172.76985916677054][ 0.15591194929004534 1.2208225479057002 1.4118629925474102],[ 168.859248485042 170.56450949592002 170.83309664430857], [20.2636559009552]
[ 0.0 1.351988863999969 2.5505616814011765],[ 169.13609129036266 171.20065521280208 172.80010249958767][ 0.17685377101743996 1.2226043746526156 1.4166429923161645],[ 168.89653699859747 170.57560460279458 170.84656984136143], [20.38899254798889]
[ 0.0 1.3445102052541469 2.5696851304181005],[ 169.1390490533907 171.19205822008777 172.8305807141984][ 0.19804207369896207 1.2247329479794402 1.4214410160975688],[ 168.93466094894114 170.5868929630518 170.8606841310822], [20.516009092330933]
[ 0.0 1.3372144320325603 2.5889700107868094],[ 169.14221228970393 171.18383893951386 172.86134447078854][ 0.21958225702077683 1.2271195531586427 1.4262541529530166],[ 168.9735596715122 170.598498562347 170.87533507322303], [20.642265796661377]
[ 0.0 1.3300621958415892 2.6084008149950293],[ 169.14557929589552 171.17597383605653 172.89241357304311][ 0.24153536174474008 1.2297152057637404 1.4310869156116022],[ 169.01322646197005 170.6104848170374 170.8904452728917], [20.768067121505737]
[ 0.0 1.3230300410718665 2.627969318584675],[ 169.1491323664031 171.16843822466456 172.92379153766973][ 0.2639347091632948 1.232494786685016 1.4359471566454642],[ 169.05367900695416 170.62288419337693 170.90596013970438], [20.89440083503723]
[ 0.0 1.316104471645972 2.6476716348291442],[ 169.15284926087676 171.16120931810548 172.95547415274592][ 0.2867971124132007 1.2354469100638035 1.440843662160396],[ 169.09494318285536 170.63571432904502 170.92184312146247], [21.01805543899536]
[ 0.0 1.3092779473060583 2.6675063051980095],[ 169.15670880183586 171.15426753549076 172.98745423529994][ 0.3101300849938923 1.238567745481034 1.4457848488473641],[ 169.13704495444387 170.64898634707612 170.9380712481963], [21.15043044090271]
[ 0.0 1.30254632854997 2.6874730971196077],[ 169.16069313174933 171.14759678372656 173.01972408602384][ 0.33393626420229156 1.241857400938584 1.450778173774368],[ 169.18000691777297 170.6627088613303 170.95463135735815], [21.27983593940735]
[ 0.0 1.2959073153366747 2.707572287858792],[ 169.16478820911854 171.14118419967627 173.05227661175527][ 0.35821599151875455 1.245317893865696 1.4558299731683477],[ 169.2238473242521 170.6768897253165 170.97151710456427], [21.404025554656982]
[ 0.0 1.2893595321952895 2.7278042693488773],[ 169.1689834792605 171.13501966054824 173.0851057203984][ 0.38296872916713937 1.248952069668047 1.460945532123665],[ 169.26858029850615 170.69153667587958 170.98872671809013], [21.53363871574402]
[ 0.0 1.2829020165522378 2.748169353635096],[ 169.17327124058502 171.12909524032574 173.11820634976814][ 0.40819377609166657 1.2527630633958013 1.4661292572307614],[ 169.31421652781182 170.7066574868941 171.00626138630142], [21.663137912750244]
[ 0.0 1.2765339486257128 2.7686676953265934],[ 169.1776459727598 171.12340470411894 173.15157433615525][ 0.43389058396638297 1.2567540581809582 1.4713848761182935],[ 169.36076404850562 170.72225994150105 171.02412414639497], [21.789795637130737]
[ 0.0 1.2702545201222215 2.789299276849373],[ 169.18210374535337 171.1179430793059 173.1852062326448][ 0.46005885987683 1.2609281964169714 1.4767156241779507],[ 169.4082289573872 170.738351763844 171.04231914877212], [21.921234846115112]
[ 0.0 1.264062878569274 2.8100639232015543],[ 169.1866417453059 171.11270631239017 173.21909913089002][ 0.486698565837696 1.265288562742686 1.4821244012259962],[ 169.4566159871833 170.75494056510306 171.0608511902357], [22.056094884872437]
[ 0.0 1.257958110276081 2.8309613272411283],[ 169.1912579219882 171.10769100528736 173.25325050851873][ 0.5138098763163476 1.2698381959932896 1.4876138941272865],[ 169.505928940947 170.77203381762476 171.0797254315932], [22.189857244491577]
[ 0.0 1.2519392409614307 2.851991075795945],[ 169.19595073213281 171.10289421854102 173.28765810783855][ 0.5413931254794453 1.2745801089339799 1.4931866679752082],[ 169.5561710041586 170.7896388540638 171.09894723679906], [22.320836067199707]
[ 0.0 1.2460052430855806 2.873152672235138],[ 169.20071896262812 171.0983133276442 173.322319843881][ 0.5694487586974972 1.2795173066258612 1.4988452312295388],[ 169.6073449604958 170.8077628834078 171.11852208886268], [22.44034719467163]
[ 0.0 1.240155044413015 2.8944455540211274],[ 169.20556161065562 171.09394591981524 173.3572337368679][ 0.5979772934840933 1.2846528002341264 1.504592080594668],[ 169.65945333644146 170.82641301585647 171.13845555198006], [22.56634211540222]
[ 0.0 1.2343875355241274 2.9158691055906316],[ 169.21047780428302 171.08978972065432 173.39239786360932][ 0.6269792904060474 1.2899896161194253 1.5104297310789851],[ 169.71249849553774 170.84559629047777 171.15875325988395], [22.692359447479248]
[ 0.0 1.2287015756156192 2.9374226671806665],[ 169.21546675068674 171.08584254237374 173.4278103230167][ 0.6564553327382188 1.2955308009947364 1.5163607354908697],[ 169.76648269837494 170.86531970176642 171.17942091783004], [22.808505296707153]
[ 0.0 1.2230959965002812 2.959105540587223],[ 169.22052770272796 171.08210224736882 173.46346921176405][ 0.6864060125919444 1.3012794242282895 1.5223876967316927],[ 169.82140813993385 170.8855902230219 171.2004643107373], [22.928419589996338]
[ 0.0 1.21756960531056 2.9809169927390853],[ 169.22565993744195 171.07856672251773 173.499372607095][ 0.7168319220263618 1.3072385783787885 1.5285132753121649],[ 169.87727697225912 170.9064148256608 171.2218893131392], [23.048407554626465]
[ 0.0 1.2121211860269294 3.002856257728384],[ 169.23086274215203 171.075233860993 173.53551855462115][ 0.7477336472803533 1.3134113785817454 1.5347401937623464],[ 169.934091317978 170.92780049449317 171.24370189880415], [23.163527250289917]
[ 0.0 1.206749500368261 3.0249225378054523],[ 169.23613540536246 171.0721015492481 173.5719050595428][ 0.7791117650871616 1.3198009614002264 1.541071239057039],[ 169.9918532779941 170.94975423930478 171.26590814904725], [23.283345460891724]
[ 0.0 1.2014532881765867 3.047115003802962],[ 169.24147721066655 171.06916765760488 173.60853008022607][ 0.81096684029875 1.3264104834351813 1.5475092638526688],[ 170.05056493568918 170.97228310329376 171.28851425930551], [23.40460968017578]
[ 0.0 1.1962312675223 3.0694327951698734],[ 169.2468874325285 171.0664300333533 173.6453915234191][ 0.8432994241809237 1.3332431199012644 1.5540571869794626],[ 170.1102283589341 170.99539416898202 171.31152654412605], [23.5326406955719]
[ 0.0 1.191082134614532 3.0918750197988145],[ 169.25236533327583 171.06388649560998 173.68248724061027][ 0.8761100530463908 1.3403020632035045 1.5607179934494566],[ 170.17084560071947 171.01909456214204 171.33495144070093], [23.662854194641113]
